ALTER SESSION SET NLS_DATE_FORMAT = 'DD/MM/YYYY';
--POPOLAMENTO STRUTTURA

INSERT INTO STRUTTURA VALUES ('80144',300,'0817565543','VIA NAPOLI 64','NAPOLI');
INSERT INTO STRUTTURA VALUES ('80053',300,'0811955543','VIA CAMPANIA 63','ERCOLANO');
INSERT INTO STRUTTURA VALUES ('20156',300,'0211955543','VIA DEGLI ALIANTI 23','MILANO');
INSERT INTO STRUTTURA VALUES ('20138',300,'0233955543','VIA EUGENIO BELLOSIO 10','MILANO');
INSERT INTO STRUTTURA VALUES ('70100',300,'0883955543','VIA VITTORIO VENETO 47','BARI');
INSERT INTO STRUTTURA VALUES ('10121',300,'0113955543','VIA VITTORIO EMANUELE 35','TORINO');
INSERT INTO STRUTTURA VALUES ('80010',400,'0519555433','VIA MARITTIMA 89','BOLOGNA');
INSERT INTO STRUTTURA VALUES ('00010',400,'0653955543','VIA DEL CORSO 12','ROMA');
INSERT INTO STRUTTURA VALUES ('81010',300,'0813955543','VIA MONTEBELLO 55','CASERTA');


--POPOLAMENTO ISCRITTO


INSERT INTO ISCRITTO VALUES ('KMZNIW02J50D385L', '3188493717', 'ANTONIO', 'ESPOSITO', 'M', '17/10/1990');
INSERT INTO ISCRITTO VALUES ('ZGACTV06L44M056S', '3774420139', 'LUCA', 'ANTONINI', 'M', '23/11/1987');
INSERT INTO ISCRITTO VALUES ('KQXBSW82D68L433D', '3594879773', 'ARISA', 'COPPETTI', 'F', '31/03/1986');
INSERT INTO ISCRITTO VALUES ('CJKSDG43J50B477X', '3305263953', 'MASSIMO', 'FRAGOLA', 'M', '23/03/1946');
INSERT INTO ISCRITTO VALUES ('JAWVMH55A14O606A', '3078973964', 'GENNARO', 'TRAINO', 'M', '24/08/1995');
INSERT INTO ISCRITTO VALUES ('MVAKFZ55S29A648X', '3354350007', 'PIERLUIGI', 'SCOTTO', 'M', '15/07/1950');
INSERT INTO ISCRITTO VALUES ('UJHVEW14A98S577B', '3191845188', 'SIMONA', 'CARPENITO', 'F', '25/08/1987');
INSERT INTO ISCRITTO VALUES ('WUXHQK92Q44L711M', '3268602599', 'FEDERICA', 'ISOLA', 'F', '12/02/1950');
INSERT INTO ISCRITTO VALUES ('OAWILV32Y85R021K', '3358969430', 'LOREDANA', 'CARAFFA', 'F', '01/06/1969');
INSERT INTO ISCRITTO VALUES ('QESWVR92G10B017F', '3765052137', 'VITTORIO', 'CAPONE', 'M', '05/11/1987');
INSERT INTO ISCRITTO VALUES ('ASCGWQ31R44Z342I', '3542114257', 'ANNA', 'RICCIOLO', 'F', '20/12/1991');
INSERT INTO ISCRITTO VALUES ('LNBCVX77B53X278C', '3720498324', 'EUGENIA', 'CATTIVO', 'F', '17/10/1965');
INSERT INTO ISCRITTO VALUES ('BEJMCI13W11F237L', '3868820921', 'ALDO', 'BRUSCIANO', 'M', '14/02/1961');
INSERT INTO ISCRITTO VALUES ('FZLBNR04B93Q545M', '3125274245', 'DEBORA', 'ROSSI', 'F', '10/05/1993');
INSERT INTO ISCRITTO VALUES ('ATDQPI45H28W807X', '3464560455', 'MICHELE', 'ANGELILLO', 'M', '07/01/1969');
INSERT INTO ISCRITTO VALUES ('XQDZVK54Y91F149G', '3515567709', 'CHIARA', 'COZZOLINO', 'F', '15/07/1943');
INSERT INTO ISCRITTO VALUES ('OLCDGA16P83E695I', '3853512083', 'ANDREA', 'SCOTTO', 'M', '30/09/1947');
INSERT INTO ISCRITTO VALUES ('YBNKHM31L99F073C', '3183671483', 'ANTONIO', 'MESSICO', 'M', '23/01/1968');
INSERT INTO ISCRITTO VALUES ('QNTRPU20Z65J166Q', '3881077710', 'ROSA', 'MOSCETTI', 'F', '27/03/1997');
INSERT INTO ISCRITTO VALUES ('YTFKWA58Y58M955O', '3830285498', 'RAFFAELLA', 'MILANO', 'F', '01/08/1955');
INSERT INTO ISCRITTO VALUES ('VRBQOE08F04X173Z', '3536387686', 'LINDA', 'CLIMACO', 'F', '12/04/1964');
INSERT INTO ISCRITTO VALUES ('ASNMRI86H49N682P', '3296813480', 'DEMETRIO', 'SETTE', 'M', '03/08/1943');
INSERT INTO ISCRITTO VALUES ('PDYWHQ21A86N357A', '3749853370', 'ANNA', 'PALADINO', 'F', '19/09/1949');
INSERT INTO ISCRITTO VALUES ('OTAMDC01A37V398H', '3507574637', 'GIANLUCA', 'BARBIERE', 'M', '13/09/1973');
INSERT INTO ISCRITTO VALUES ('MPKQWU81E68F952S', '3793205912', 'MARGHERITA', 'ESPOSITO', 'F', '07/07/1957');
INSERT INTO ISCRITTO VALUES ('NACEZT98C77G536M', '3425766927', 'ALESSIA', 'DONZELLI', 'F', '02/06/1981');
INSERT INTO ISCRITTO VALUES ('SYQBPL54X57R300V', '3195765544', 'OLGA', 'SCIARRILLO', 'M', '15/08/1966');
INSERT INTO ISCRITTO VALUES ('XLHIRG36H21E164R', '3732502658', 'MARIA', 'PAOLITTO', 'M', '04/08/1998');
INSERT INTO ISCRITTO VALUES ('CXQARH46G77V575P', '3165749897', 'MARIA', 'FORZA', 'F', '09/05/1971');
INSERT INTO ISCRITTO VALUES ('CJROLX57H43H643B', '3891731483', 'INGA', 'SCIUSCIO', 'F', '29/11/1953');
INSERT INTO ISCRITTO VALUES ('QJAXUL81W33K759S', '3277036510', 'MARIANA', 'FARFALLETTA', 'F', '04/09/1983');
INSERT INTO ISCRITTO VALUES ('ZXWMSJ20N67Z183E', '3124735495', 'SABRINA', 'ARCIONI', 'F', '02/12/1954');
INSERT INTO ISCRITTO VALUES ('XDWINJ80Z71F303Z', '3654981967', 'SABRINA', 'NOLENTE', 'F', '19/08/1948');
INSERT INTO ISCRITTO VALUES ('WCYUDO68A80O481I', '3475226148', 'NICOLETTA', 'CARPENITO', 'F', '02/07/1944');
INSERT INTO ISCRITTO VALUES ('FTKOCY63V48Z139D', '3903497598', 'VALENTINO', 'CARPENITO', 'M', '16/09/1977');
INSERT INTO ISCRITTO VALUES ('FSZMXU87T47Y812X', '3938548523', 'MASSIMO', 'GOLGINO', 'M', '24/03/1947');
INSERT INTO ISCRITTO VALUES ('CDOZNM34X85R107I', '3107150917', 'TOMMASO', 'GRASSO', 'M', '22/09/1972');
INSERT INTO ISCRITTO VALUES ('LXOHZW87X53L601C', '3630659411', 'VERONICA', 'DI LAURO', 'F', '08/08/1989');
INSERT INTO ISCRITTO VALUES ('PVQJSA49W81K023F', '3643557487', 'BENEDETTO', 'LAPERUTA', 'M', '04/11/1954');
INSERT INTO ISCRITTO VALUES ('XZJLAG04P38T260B', '3942433558', 'MARCO', 'NICOLINO', 'F', '05/06/1949');
INSERT INTO ISCRITTO VALUES ('SPWHQJ06A57U369Q', '3052721909', 'SOFIA', 'SIGNORIELLO', 'F', '05/01/1983');
INSERT INTO ISCRITTO VALUES ('SYUZNG82L87E156D', '3997869887', 'MAIA', 'MESSICO', 'F', '18/03/1990');
INSERT INTO ISCRITTO VALUES ('DUYGWL72Z57D582F', '3037714242', 'DONATO', 'SCETTICO', 'M', '24/01/1957');
INSERT INTO ISCRITTO VALUES ('EXOMGV79W62Y284F', '3166995546', 'DONATO', 'MARATEA', 'M', '17/09/1972');
INSERT INTO ISCRITTO VALUES ('FRWDNO29E25U650N', '3969755098', 'ELISA', 'SAVASTANO', 'F', '21/12/1948');
INSERT INTO ISCRITTO VALUES ('YMENIP04X89K259M', '3107339317', 'GENNARO', 'SAVASTANO', 'M', '25/05/1961');
INSERT INTO ISCRITTO VALUES ('FYHKSW10R63J310R', '3991686847', 'FEDERICA', 'CARMINELLI', 'F', '27/05/1978');
INSERT INTO ISCRITTO VALUES ('THJDXE92D62X020Z', '3384863075', 'PIETRO', 'SAVASTANO', 'M', '24/02/1966');
INSERT INTO ISCRITTO VALUES ('UKDWER43K94B724Q', '3775144100', 'ANTONIO', 'CONTE', 'M', '13/03/1947');
INSERT INTO ISCRITTO VALUES ('FWQHDB49B94S337X', '3556223217', 'CARLO', 'ANCELOTTI', 'M', '19/03/1960');
INSERT INTO ISCRITTO VALUES ('BSLMGT53R39B013S', '3619267722', 'UGO', 'SIGNORIELLO', 'M', '16/12/1940');
INSERT INTO ISCRITTO VALUES ('OIRYPD24C54D834R', '3486468949', 'CHIARA', 'SUMA', 'F', '06/02/1986');
INSERT INTO ISCRITTO VALUES ('AZYXOM93M71L904V', '3919467701', 'MARCO', 'TESSICA', 'M', '28/02/1996');
INSERT INTO ISCRITTO VALUES ('ERUZAL45F14B478T', '3014460557', 'SILVIO', 'BERLUSCONI', 'M', '22/05/1962');
INSERT INTO ISCRITTO VALUES ('RWHJXP23U75E358K', '3024804409', 'NICOLA', 'BOTTONI', 'M', '10/05/1952');
INSERT INTO ISCRITTO VALUES ('YQSGRK07E08F479M', '3096113389', 'SARA', 'BUONAIUTO', 'F', '07/03/1981');
INSERT INTO ISCRITTO VALUES ('WFRZVK87U33M198T', '3144983031', 'VINCENZO', 'DI BENEDETTO', 'M', '19/07/1997');
INSERT INTO ISCRITTO VALUES ('UYEVIM90O46G400P', '3282723635', 'VINCENZO', 'DE MARTINO', 'M', '14/10/1985');
INSERT INTO ISCRITTO VALUES ('AXOTDL09G82O951L', '3855453460', 'VIVIANA', 'POLLICE', 'F', '21/04/1993');
INSERT INTO ISCRITTO VALUES ('FDHGVY89A15V883A', '3223945761', 'LUIGI', 'ANGOLO', 'M', '25/10/1977');
INSERT INTO ISCRITTO VALUES ('NJBKGY59C66U096R', '3788966388', 'LUIGI', 'MARINO', 'M', '07/02/1960');
INSERT INTO ISCRITTO VALUES ('CFMVXP42X31H690Y', '3344405417', 'PAOLO', 'ANDREOZZI', 'M', '01/07/1977');
INSERT INTO ISCRITTO VALUES ('ZMSENI91V88D481F', '3760114857', 'MAURIZIO', 'SARRI', 'M', '06/11/1969');
INSERT INTO ISCRITTO VALUES ('KZHCAE90U16P625O', '3886453075', 'SILVIO', 'DI ROBERTO', 'M', '12/11/1990');
INSERT INTO ISCRITTO VALUES ('JGBXUY51K30B820I', '3423414461', 'ANTONIO', 'SERVADEI', 'M', '04/03/1957');
INSERT INTO ISCRITTO VALUES ('IMQFSY20Y87V698G', '3967907859', 'NICOLETTA', 'BELFIORE', 'F', '16/03/1974');
INSERT INTO ISCRITTO VALUES ('IELRHB47M40S396L', '3334560133', 'ELIO', 'PORTIERE', 'M', '10/05/1944');
INSERT INTO ISCRITTO VALUES ('LMXHNZ50J68K260N', '3008138884', 'MARCO', 'ROMANO', 'M', '13/11/1985');
INSERT INTO ISCRITTO VALUES ('TYBIHJ28J45L091L', '3285683968', 'CLAUDIA', 'SERRAPIGLIO', 'F', '24/01/1949');
INSERT INTO ISCRITTO VALUES ('QXATSW12V77Q822K', '3246846211', 'ROBERTO', 'ESPOSITO', 'M', '25/06/1984');
INSERT INTO ISCRITTO VALUES ('XVMQZE40O53G590O', '3138873559', 'ANNA', 'PRANZO', 'F', '24/08/1943');
INSERT INTO ISCRITTO VALUES ('BSGZCH99Q32Q153R', '3784695358', 'MARIAGRAZIA', 'MARINO', 'F', '03/11/1975');
INSERT INTO ISCRITTO VALUES ('POAQNG39H46F092F', '3698815256', 'CATELLO', 'DI MARCO', 'M', '20/07/1981');
INSERT INTO ISCRITTO VALUES ('RIHSQZ77N36C132B', '3783863436', 'CHESTER', 'BENNINGTON', 'M', '26/05/1968');
INSERT INTO ISCRITTO VALUES ('LCBOYG78O29A568E', '3639560193', 'GONZALO', 'SIMONE', 'M', '17/08/1977');
INSERT INTO ISCRITTO VALUES ('LTYAVN07K13G372C', '3915495241', 'VIVIANA', 'TRAPPOLA', 'F', '08/02/1949');
INSERT INTO ISCRITTO VALUES ('VBEWJP01H48X771Z', '3631085542', 'CHIARA', 'SANSONE', 'F', '27/11/1959');
INSERT INTO ISCRITTO VALUES ('EYLJXR95N81S659Y', '3148812038', 'MARIO', 'GALLO', 'M', '06/02/1949');
INSERT INTO ISCRITTO VALUES ('OUSRTV49N45J277E', '3633128760', 'LUDOVICA', 'PERFETTO', 'F', '18/08/1959');
INSERT INTO ISCRITTO VALUES ('JDTEIK06P48W101S', '3572726567', 'AMALIA', 'MARAULA', 'F', '06/09/1950');
INSERT INTO ISCRITTO VALUES ('NCLQHV72X24B501U', '3092118110', 'CHRISTIAN', 'TRAINO', 'M', '14/06/1957');
INSERT INTO ISCRITTO VALUES ('CQMUGS84B09Z315H', '3586296730', 'AMALIA', 'GIORGIO', 'M', '08/10/1947');
INSERT INTO ISCRITTO VALUES ('ASYPXK31Q96P877A', '3449413896', 'ANTONELLA', 'FERONE', 'F', '25/09/1952');
INSERT INTO ISCRITTO VALUES ('CUYXWG72A40C975M', '3144641720', 'PAOLA', 'MARINO', 'F', '11/10/1944');
INSERT INTO ISCRITTO VALUES ('PTFDXC98P57U369Q', '3904711761', 'PAOLO', 'BROSIO', 'M', '01/05/1977');
INSERT INTO ISCRITTO VALUES ('SZYWTI01T40Z542S', '3651781953', 'ROSARIO', 'STARUNTO', 'M', '07/01/1961');
INSERT INTO ISCRITTO VALUES ('XNMABK69F18H088Z', '3371822340', 'VITTORIA', 'DE CURTIS', 'F', '25/11/1982');
INSERT INTO ISCRITTO VALUES ('QOBZJH40Z24Z782M', '3598009284', 'FRANCESCO', 'TUFANO', 'M', '29/07/1997');
INSERT INTO ISCRITTO VALUES ('DIPHSG10M41L029F', '3833618883', 'FRANCESCA', 'GODINO', 'F', '22/03/1995');
INSERT INTO ISCRITTO VALUES ('LRUMFS19Y26K511R', '3372673203', 'FRANCESCA', 'DELLE STELLE', 'F', '03/02/1982');
INSERT INTO ISCRITTO VALUES ('LYBGET54W97K867N', '3713658481', 'FRANCESCO', 'GIUDETTI', 'M', '19/09/1977');
INSERT INTO ISCRITTO VALUES ('CWSQAX10G37S051G', '3244481346', 'BENEDETTO', 'OLIVETTO', 'M', '22/09/1964');
INSERT INTO ISCRITTO VALUES ('NZIGAO01N06D970J', '3836008185', 'FEDERICO', 'DIMENTICATO', 'M', '11/02/1941');
INSERT INTO ISCRITTO VALUES ('OTVMXE26D21M353C', '3443883746', 'TERESA', 'BENEDETTO', 'M', '01/02/1998');
INSERT INTO ISCRITTO VALUES ('XTPKNA67K68A454I', '3436104448', 'SONIA', 'BARBONA', 'F', '17/07/1948');
INSERT INTO ISCRITTO VALUES ('MWAQHT19L23J228X', '3539237260', 'ROSA', 'MASSONE', 'F', '11/03/1949');
INSERT INTO ISCRITTO VALUES ('OUACDN12U12I074A', '3367113898', 'SERENA', 'LAMINO', 'F', '13/08/1959');
INSERT INTO ISCRITTO VALUES ('NZBHMD09V75Y995V', '3875270940', 'CRISTINA', 'LAMINO', 'F', '03/07/1963');
INSERT INTO ISCRITTO VALUES ('IVNEDA74E23O587V', '3259081788', 'GIOIA', 'DE ROSA', 'F', '09/11/1997');
INSERT INTO ISCRITTO VALUES ('GWFJER33F26E573H', '3551131794', 'RAFFAELE', 'PELLACCI', 'M', '04/06/1960');
INSERT INTO ISCRITTO VALUES ('LRBGET24W95K867N', '3543558481', 'FRANCESCO', 'GETTI', 'M', '15/04/1987');
INSERT INTO ISCRITTO VALUES ('CRSQAX50G34S051G', '3244341546', 'ANTIONIO', 'ZITO', 'M', '22/09/1984');
INSERT INTO ISCRITTO VALUES ('NZRGAO41N03D970J', '3836034545', 'STEFANO', 'TUFANO', 'M', '11/02/1971');
INSERT INTO ISCRITTO VALUES ('RTRMXE46D25M353C', '3423423746', 'TERESA', 'MENETTA', 'M', '01/02/1997');
INSERT INTO ISCRITTO VALUES ('RRPKNA47K64A454I', '3436092348', 'MARIA', 'PICCIONE', 'F', '17/06/1978');
INSERT INTO ISCRITTO VALUES ('EEAQHT49L26J228X', '3528394860', 'ROSA', 'SERRAPIGLIO', 'F', '11/07/1989');

-- POPOLAMENTO ESERCIZIO

INSERT INTO ESERCIZIO VALUES ('PANCA PIANA','ALTA','PETTO');
INSERT INTO ESERCIZIO VALUES ('PANCA ALTA','ALTA','PETTO');
INSERT INTO ESERCIZIO VALUES ('CROCI MANUBRI','ALTA','PETTO');
INSERT INTO ESERCIZIO VALUES ('PECTORAL MACHINE','ALTA','PETTO');
INSERT INTO ESERCIZIO VALUES ('REMATORI MACCHINA','ALTA','DORSO');
INSERT INTO ESERCIZIO VALUES ('CURL MANUBRI','ALTA','BRACCIA');
INSERT INTO ESERCIZIO VALUES ('CURL BILANCIERE','ALTA','BRACCIA');
INSERT INTO ESERCIZIO VALUES ('FLESSIONI','ALTA','PETTO');
INSERT INTO ESERCIZIO VALUES ('SQUAT BILANCIERE','ALTA','GAMBE');
INSERT INTO ESERCIZIO VALUES ('TRAZIONI CON PESO','ALTA','DORSO');
INSERT INTO ESERCIZIO VALUES ('LEG PRESS','ALTA','GAMBE');
INSERT INTO ESERCIZIO VALUES ('CRUNCH CON PESO','ALTA','ADDOME');
INSERT INTO ESERCIZIO VALUES ('CRUNCH SOSPESI','ALTA','ADDOME');
INSERT INTO ESERCIZIO VALUES ('ALZATE LATERALI','ALTA','SPALLE');
INSERT INTO ESERCIZIO VALUES ('ALZATE FRONTALI','ALTA','SPALLE');
INSERT INTO ESERCIZIO VALUES ('LAT MACHINE','ALTA','DORSO');
INSERT INTO ESERCIZIO VALUES ('CROCI MACCHINA','MEDIA','PETTO');
INSERT INTO ESERCIZIO VALUES ('SPINTE IN AVANTI','MEDIA','PETTO');
INSERT INTO ESERCIZIO VALUES ('CURL CORDA','MEDIA','BRACCIA');
INSERT INTO ESERCIZIO VALUES ('CURL MACCHINA','MEDIA','BRACCIA');
INSERT INTO ESERCIZIO VALUES ('ALZATE LATERALI MACCHINA','MEDIA','SPALLE');
INSERT INTO ESERCIZIO VALUES ('ALZATE FRONTALI MACCHINA','MEDIA','SPALLE');
INSERT INTO ESERCIZIO VALUES ('AFFONDI MANUBRI','MEDIA','GAMBE');
INSERT INTO ESERCIZIO VALUES ('LEG CURL','MEDIA','GAMBE');
INSERT INTO ESERCIZIO VALUES ('CYCLETTE MACHINE','BASSA','GAMBE');
INSERT INTO ESERCIZIO VALUES ('ROW MACHINE','MEDIA','DORSO');
INSERT INTO ESERCIZIO VALUES ('REMATORI CORDA','MEDIA','DORSO');
INSERT INTO ESERCIZIO VALUES ('CRUNCH','MEDIA','ADDOME');
INSERT INTO ESERCIZIO VALUES ('CURL PESO LEGGERO','BASSA','BRACCIA');
INSERT INTO ESERCIZIO VALUES ('SQUAT LIBERO','BASSA','GAMBE');
INSERT INTO ESERCIZIO VALUES ('AFFONDI LIBERI','BASSA','GAMBE');
INSERT INTO ESERCIZIO VALUES ('LEG MACHINE','BASSA','GAMBE');
INSERT INTO ESERCIZIO VALUES ('SPINTE MACCHINA','BASSA','PETTO');
INSERT INTO ESERCIZIO VALUES ('PANCA LEGGERA','BASSA','PETTO');
INSERT INTO ESERCIZIO VALUES ('ABDOMINAL MACHINE','BASSA','ADDOME');
INSERT INTO ESERCIZIO VALUES ('CUFF MACHINE','BASSA','GAMBE');
INSERT INTO ESERCIZIO VALUES ('REMATORI LEGGERO','BASSA','DORSO');
INSERT INTO ESERCIZIO VALUES ('LAT MACHINE LEGGERA','BASSA','DORSO');

-- POPOLAMENTO ISTRUTTORE

INSERT INTO ISTRUTTORE VALUES ('DOKWIA13R15P994B', '3080774312', 'ANTONIO', 'BERARDI', 'M', '20/12/1982');
INSERT INTO ISTRUTTORE VALUES ('JHKSGQ83S05D455J', NULL, 'ROMEO', 'LAVEGNO', 'F', '13/09/1945');
INSERT INTO ISTRUTTORE VALUES ('XPKQMJ90D67H047X', '3389991455', 'CRISTINA', 'DIEGO', 'F', '30/04/1977');
INSERT INTO ISTRUTTORE VALUES ('HAVEKN72V54A537M', '3086078330', 'LINDA', 'FELICE', 'F', '30/07/1979');
INSERT INTO ISTRUTTORE VALUES ('DNZXOC14C04L989E', '3380491312', 'GIORGIA', 'CITTADINA', 'F', '23/04/1954');
INSERT INTO ISTRUTTORE VALUES ('RWMULV46D82C327V', NULL, 'SIMONA', 'GRAZIATA', 'F', '28/05/1999');
INSERT INTO ISTRUTTORE VALUES ('APVJKM81T10J191V', '3688572915', 'FRANCESCA', 'RISPARMIO', 'F', '24/05/1948');
INSERT INTO ISTRUTTORE VALUES ('YNAVDC04T09B897H', '3646716201', 'CARLA', 'ESPOSITO', 'F', '10/05/1946');
INSERT INTO ISTRUTTORE VALUES ('TUMLPD88X61G115W', '3010521160', 'ELENA', 'CORRADO', 'F', '08/08/1997');
INSERT INTO ISTRUTTORE VALUES ('AKDZCT42H20V702G', '3157122092', 'MARCO', 'PRINCI', 'M', '09/02/1967');
INSERT INTO ISTRUTTORE VALUES ('NIDGYC56V10P953I', '3023359662', 'RENATA', 'CASO', 'F', '27/11/1983');
INSERT INTO ISTRUTTORE VALUES ('EAPWRB22P77L607X', '3332417955', 'RAFFAELLO', 'ROMANNA', 'M', '14/04/1962');
INSERT INTO ISTRUTTORE VALUES ('KDPFAO60P32T846I', '3618563068', 'SARA', 'CARE', 'F', '12/10/1977');
INSERT INTO ISTRUTTORE VALUES ('GQVRLB24U11X980D', '3498753667', 'MARIA', 'VIOLA', 'F', '09/09/1994');
INSERT INTO ISTRUTTORE VALUES ('CJKZGU71R40Z530T', '3993470505', 'GIANLUCA', 'PINZO', 'M', '03/01/1988');
INSERT INTO ISTRUTTORE VALUES ('KYFLAM82X62J244F', NULL, 'RENATO', 'SCROVO', 'M', '22/09/1979');
INSERT INTO ISTRUTTORE VALUES ('UKAWHC26R15U249J', '3705735892', 'FEDERICA', 'CASSIO', 'F', '28/10/1993');
INSERT INTO ISTRUTTORE VALUES ('ISQNCR10C58W909P', '3794993802', 'IVANA', 'BIDELLO', 'F', '30/01/1986');
INSERT INTO ISTRUTTORE VALUES ('WCGUPS24L89O347C', '3648260619', 'SARA', 'FELICE', 'F', '25/12/1973');
INSERT INTO ISTRUTTORE VALUES ('DKRJPQ81B64Z105T', '3503266740', 'ANTONIO', 'TARDI', 'M', '04/08/1986');
INSERT INTO ISTRUTTORE VALUES ('XVQTPR43N01V989J', '3041527003', 'GIACOBBE', 'DE LUCA', 'M', '28/07/1943');
INSERT INTO ISTRUTTORE VALUES ('FJKESR63W58A370N', NULL, 'ANNA', 'SMISSA', 'F', '02/06/1973');
INSERT INTO ISTRUTTORE VALUES ('IACBXU62H93H161V', '3157596768', 'BRUNELLA', 'HAVLEY', 'F', '19/05/1963');
INSERT INTO ISTRUTTORE VALUES ('ZATGPB51N79U355L', '3409638116', 'CINZIA', 'BESSA', 'F', '01/12/1953');
INSERT INTO ISTRUTTORE VALUES ('YDHNFL14Z53M192J', '3257640481', 'RAFFAELLA', 'NOSTRO', 'F', '09/01/1958');
INSERT INTO ISTRUTTORE VALUES ('XRVELU23K10J039P', '3819105324', 'DENIS', 'METTEOZZI', 'M', '26/07/1996');
INSERT INTO ISTRUTTORE VALUES ('ZBHOXV85W05V564L', '3784141507', 'ANTONIO', 'BRUNETTI', 'M', '01/03/1995');
INSERT INTO ISTRUTTORE VALUES ('HGDREQ86Z85D099A', '3687674138', 'CLELIA', 'BIONDINA', 'F', '20/11/1983');
INSERT INTO ISTRUTTORE VALUES ('GWTRBL76M01E738Y', '3294880084', 'CAMILLA', 'MORAMINI', 'F', '30/03/1958');
INSERT INTO ISTRUTTORE VALUES ('KJRLEU36B62Q966L', NULL, 'CLELIA', 'FAZZONE', 'F', '15/05/1987');
INSERT INTO ISTRUTTORE VALUES ('TDIGLB63A38M980C', NULL, 'NADIA', 'OSMANI', 'F', '27/09/1941');
INSERT INTO ISTRUTTORE VALUES ('EAKXQF14Q29H490J', '3912393104', 'GIUSEPPE', 'PASTORE', 'M', '14/01/1982');
INSERT INTO ISTRUTTORE VALUES ('ATJKZG85T01Y429J', '3335516992', 'LAURA', 'BENZANA', 'F', '29/03/1983');
INSERT INTO ISTRUTTORE VALUES ('VJZSTY66A25N845I', '3613279044', 'DONATO', 'VALLINO', 'M', '06/07/1954');
INSERT INTO ISTRUTTORE VALUES ('HSWQDY89F89C599Q', NULL, 'FRANCESCO', 'SOSTINO', 'M', '30/08/1996');
INSERT INTO ISTRUTTORE VALUES ('JGANDL90S24C290L', '3285406226', 'NICOLA', 'BASELLI', 'M', '17/05/1942');
INSERT INTO ISTRUTTORE VALUES ('JCGSYR91O07N922G', '3329195055', 'DIANA', 'FARINA', 'F', '07/09/1967');
INSERT INTO ISTRUTTORE VALUES ('ISKAHO57X14Y659V', '3177403747', 'ELISA', 'GAGLIARDI', 'F', '12/12/1983');


--POPOLAMENTO SCHEDA ESERCIZI

INSERT INTO SCHEDA_ESERCIZI VALUES ('DOKWIA13R15P994B','1','ALTO');
INSERT INTO SCHEDA_ESERCIZI VALUES ('JGANDL90S24C290L','2','BASSO');
INSERT INTO SCHEDA_ESERCIZI VALUES ('HGDREQ86Z85D099A','3','MEDIO');
INSERT INTO SCHEDA_ESERCIZI VALUES ('DOKWIA13R15P994B','4','ALTO');
INSERT INTO SCHEDA_ESERCIZI VALUES ('DOKWIA13R15P994B','5','ALTO');
INSERT INTO SCHEDA_ESERCIZI VALUES ('DOKWIA13R15P994B','6','BASSO');
INSERT INTO SCHEDA_ESERCIZI VALUES ('DOKWIA13R15P994B','7','ALTO');
INSERT INTO SCHEDA_ESERCIZI VALUES ('JGANDL90S24C290L','8','BASSO');
INSERT INTO SCHEDA_ESERCIZI VALUES ('DOKWIA13R15P994B','9','MEDIO');
INSERT INTO SCHEDA_ESERCIZI VALUES ('JGANDL90S24C290L','10','BASSO');
INSERT INTO SCHEDA_ESERCIZI VALUES ('XPKQMJ90D67H047X','11','ALTO');
INSERT INTO SCHEDA_ESERCIZI VALUES ('XPKQMJ90D67H047X','12','BASSO');
INSERT INTO SCHEDA_ESERCIZI VALUES ('KYFLAM82X62J244F','13','ALTO');
INSERT INTO SCHEDA_ESERCIZI VALUES ('KYFLAM82X62J244F','14','MEDIO');
INSERT INTO SCHEDA_ESERCIZI VALUES ('JGANDL90S24C290L','15','ALTO');
INSERT INTO SCHEDA_ESERCIZI VALUES ('KYFLAM82X62J244F','16','ALTO');
INSERT INTO SCHEDA_ESERCIZI VALUES ('VJZSTY66A25N845I','17','ALTO');
INSERT INTO SCHEDA_ESERCIZI VALUES ('VJZSTY66A25N845I','18','BASSO');
INSERT INTO SCHEDA_ESERCIZI VALUES ('VJZSTY66A25N845I','19','ALTO');
INSERT INTO SCHEDA_ESERCIZI VALUES ('HSWQDY89F89C599Q','20','BASSO');
INSERT INTO SCHEDA_ESERCIZI VALUES ('HSWQDY89F89C599Q','21','ALTO');
INSERT INTO SCHEDA_ESERCIZI VALUES ('HSWQDY89F89C599Q','22','BASSO');
INSERT INTO SCHEDA_ESERCIZI VALUES ('HSWQDY89F89C599Q','23','ALTO');
INSERT INTO SCHEDA_ESERCIZI VALUES ('VJZSTY66A25N845I','24','MEDIO');
INSERT INTO SCHEDA_ESERCIZI VALUES ('HGDREQ86Z85D099A','25','ALTO');
INSERT INTO SCHEDA_ESERCIZI VALUES ('ZBHOXV85W05V564L','26','ALTO');
INSERT INTO SCHEDA_ESERCIZI VALUES ('ZBHOXV85W05V564L','27','ALTO');
INSERT INTO SCHEDA_ESERCIZI VALUES ('JGANDL90S24C290L','28','BASSO');
INSERT INTO SCHEDA_ESERCIZI VALUES ('HGDREQ86Z85D099A','29','ALTO');
INSERT INTO SCHEDA_ESERCIZI VALUES ('DNZXOC14C04L989E','30','ALTO');



--POPOLAMENTO CONTIENE

INSERT INTO CONTIENE VALUES ('1','PANCA PIANA',3,10);
INSERT INTO CONTIENE VALUES ('1','REMATORI MACCHINA',3,10);
INSERT INTO CONTIENE VALUES ('1','CRUNCH CON PESO',4,10);
INSERT INTO CONTIENE VALUES ('1','SQUAT BILANCIERE',4,8);
INSERT INTO CONTIENE VALUES ('1','CURL MANUBRI',3,10);
INSERT INTO CONTIENE VALUES ('2','SPINTE MACCHINA',3,10);
INSERT INTO CONTIENE VALUES ('2','AFFONDI LIBERI',3,10);
INSERT INTO CONTIENE VALUES ('2','ABDOMINAL MACHINE',3,10);
INSERT INTO CONTIENE VALUES ('2','CUFF MACHINE',3,10);
INSERT INTO CONTIENE VALUES ('2','CURL PESO LEGGERO',3,8);
INSERT INTO CONTIENE VALUES ('2','LAT MACHINE LEGGERA',3,10);
INSERT INTO CONTIENE VALUES ('3','ALZATE LATERALI MACCHINA',3,10);
INSERT INTO CONTIENE VALUES ('3','CURL MACCHINA',3,10);
INSERT INTO CONTIENE VALUES ('3','CROCI MACCHINA',4,8);
INSERT INTO CONTIENE VALUES ('3','AFFONDI MANUBRI',4,10);
INSERT INTO CONTIENE VALUES ('3','REMATORI CORDA',3,10);
INSERT INTO CONTIENE VALUES ('4','PANCA ALTA',3,8);
INSERT INTO CONTIENE VALUES ('4','CURL BILANCIERE',4,10);
INSERT INTO CONTIENE VALUES ('4','SQUAT BILANCIERE',4,10);
INSERT INTO CONTIENE VALUES ('4','TRAZIONI CON PESO',4,8);
INSERT INTO CONTIENE VALUES ('4','CRUNCH CON PESO',3,12);
INSERT INTO CONTIENE VALUES ('5','PANCA PIANA',3,8);
INSERT INTO CONTIENE VALUES ('5','CURL BILANCIERE',4,10);
INSERT INTO CONTIENE VALUES ('5','SQUAT BILANCIERE',4,10);
INSERT INTO CONTIENE VALUES ('5','LAT MACHINE',4,8);
INSERT INTO CONTIENE VALUES ('5','ALZATE LATERALI',4,12);
INSERT INTO CONTIENE VALUES ('5','CRUNCH CON PESO',3,12);
INSERT INTO CONTIENE VALUES ('6','ALZATE FRONTALI MACCHINA',3,8);
INSERT INTO CONTIENE VALUES ('6','AFFONDI MANUBRI',4,10);
INSERT INTO CONTIENE VALUES ('6','CROCI MACCHINA',4,10);
INSERT INTO CONTIENE VALUES ('6','CURL CORDA',4,8);
INSERT INTO CONTIENE VALUES ('6','REMATORI CORDA',4,12);
INSERT INTO CONTIENE VALUES ('6','CRUNCH',3,12);
INSERT INTO CONTIENE VALUES ('7','PANCA PIANA',3,8);
INSERT INTO CONTIENE VALUES ('7','CURL BILANCIERE',4,10);
INSERT INTO CONTIENE VALUES ('7','TRAZIONI CON PESO',4,10);
INSERT INTO CONTIENE VALUES ('7','LEG PRESS',4,8);
INSERT INTO CONTIENE VALUES ('7','CRUNCH CON PESO',4,12);
INSERT INTO CONTIENE VALUES ('7','ALZATE LATERALI',3,12);
INSERT INTO CONTIENE VALUES ('8','REMATORI LEGGERO',4,10);
INSERT INTO CONTIENE VALUES ('8','LEG MACHINE',4,8);
INSERT INTO CONTIENE VALUES ('8','ABDOMINAL MACHINE',4,12);
INSERT INTO CONTIENE VALUES ('8','PANCA LEGGERA',3,12);
INSERT INTO CONTIENE VALUES ('9','REMATORI CORDA',4,10);
INSERT INTO CONTIENE VALUES ('9','CYCLETTE MACHINE',4,8);
INSERT INTO CONTIENE VALUES ('9','CURL MACCHINA',4,12);
INSERT INTO CONTIENE VALUES ('9','AFFONDI MANUBRI',3,12);
INSERT INTO CONTIENE VALUES ('10','SPINTE MACCHINA',3,10);
INSERT INTO CONTIENE VALUES ('10','LEG MACHINE',3,10);
INSERT INTO CONTIENE VALUES ('10','ABDOMINAL MACHINE',3,10);
INSERT INTO CONTIENE VALUES ('10','CUFF MACHINE',3,10);
INSERT INTO CONTIENE VALUES ('10','CURL PESO LEGGERO',3,8);
INSERT INTO CONTIENE VALUES ('10','LAT MACHINE LEGGERA',3,10);
INSERT INTO CONTIENE VALUES ('11','PANCA PIANA',3,8);
INSERT INTO CONTIENE VALUES ('11','CURL MANUBRI',4,10);
INSERT INTO CONTIENE VALUES ('11','LEG PRESS',4,10);
INSERT INTO CONTIENE VALUES ('11','TRAZIONI CON PESO',4,8);
INSERT INTO CONTIENE VALUES ('11','CRUNCH CON PESO',3,12);
INSERT INTO CONTIENE VALUES ('12','ALZATE FRONTALI MACCHINA',3,8);
INSERT INTO CONTIENE VALUES ('12','AFFONDI MANUBRI',4,10);
INSERT INTO CONTIENE VALUES ('12','CROCI MACCHINA',4,10);
INSERT INTO CONTIENE VALUES ('12','CURL PESO LEGGERO',4,8);
INSERT INTO CONTIENE VALUES ('12','REMATORI CORDA',4,12);
INSERT INTO CONTIENE VALUES ('13','PANCA PIANA',3,8);
INSERT INTO CONTIENE VALUES ('13','CURL BILANCIERE',4,10);
INSERT INTO CONTIENE VALUES ('13','TRAZIONI CON PESO',4,10);
INSERT INTO CONTIENE VALUES ('13','LEG PRESS',4,8);
INSERT INTO CONTIENE VALUES ('13','CRUNCH SOSPESI',4,12);
INSERT INTO CONTIENE VALUES ('13','ALZATE FRONTALI',3,12);
INSERT INTO CONTIENE VALUES ('14','ALZATE FRONTALI MACCHINA',3,10);
INSERT INTO CONTIENE VALUES ('14','CURL MACCHINA',3,10);
INSERT INTO CONTIENE VALUES ('14','CROCI MACCHINA',4,8);
INSERT INTO CONTIENE VALUES ('14','AFFONDI MANUBRI',4,10);
INSERT INTO CONTIENE VALUES ('14','REMATORI CORDA',3,10);
INSERT INTO CONTIENE VALUES ('15','CROCI MANUBRI',3,10);
INSERT INTO CONTIENE VALUES ('15','CURL BILANCIERE',3,10);
INSERT INTO CONTIENE VALUES ('15','LEG PRESS',4,8);
INSERT INTO CONTIENE VALUES ('15','TRAZIONI CON PESO',4,10);
INSERT INTO CONTIENE VALUES ('16','PANCA ALTA',3,8);
INSERT INTO CONTIENE VALUES ('16','CURL MANUBRI',4,10);
INSERT INTO CONTIENE VALUES ('16','SQUAT BILANCIERE',4,10);
INSERT INTO CONTIENE VALUES ('16','TRAZIONI CON PESO',4,8);
INSERT INTO CONTIENE VALUES ('16','CURL MANUBRI',3,12);
INSERT INTO CONTIENE VALUES ('17','PANCA PIANA',3,8);
INSERT INTO CONTIENE VALUES ('17','CURL MANUBRI',4,10);
INSERT INTO CONTIENE VALUES ('17','SQUAT BILANCIERE',4,10);
INSERT INTO CONTIENE VALUES ('17','TRAZIONI CON PESO',4,8);
INSERT INTO CONTIENE VALUES ('17','CRUNCH SOSPESI',3,12);
INSERT INTO CONTIENE VALUES ('18','ALZATE LATERALI MACCHINA',3,8);
INSERT INTO CONTIENE VALUES ('18','AFFONDI MANUBRI',4,10);
INSERT INTO CONTIENE VALUES ('18','CROCI MACCHINA',4,10);
INSERT INTO CONTIENE VALUES ('18','REMATORI CORDA',4,12);
INSERT INTO CONTIENE VALUES ('19','CROCI MANUBRI',3,8);
INSERT INTO CONTIENE VALUES ('19','CURL MANUBRI',4,10);
INSERT INTO CONTIENE VALUES ('19','TRAZIONI CON PESO',4,10);
INSERT INTO CONTIENE VALUES ('19','LEG PRESS',4,8);
INSERT INTO CONTIENE VALUES ('19','CRUNCH SOSPESI',4,12);
INSERT INTO CONTIENE VALUES ('20','SPINTE MACCHINA',3,10);
INSERT INTO CONTIENE VALUES ('20','CYCLETTE MACHINE',3,10);
INSERT INTO CONTIENE VALUES ('20','ABDOMINAL MACHINE',3,10);
INSERT INTO CONTIENE VALUES ('20','AFFONDI LIBERI',3,10);
INSERT INTO CONTIENE VALUES ('20','CURL PESO LEGGERO',3,8);
INSERT INTO CONTIENE VALUES ('20','LAT MACHINE LEGGERA',3,10);
INSERT INTO CONTIENE VALUES ('21','PANCA ALTA',3,8);
INSERT INTO CONTIENE VALUES ('21','CURL BILANCIERE',4,10);
INSERT INTO CONTIENE VALUES ('21','SQUAT LIBERO',4,10);
INSERT INTO CONTIENE VALUES ('21','TRAZIONI CON PESO',4,8);
INSERT INTO CONTIENE VALUES ('21','CRUNCH CON PESO',3,12);
INSERT INTO CONTIENE VALUES ('22','ALZATE FRONTALI MACCHINA',3,8);
INSERT INTO CONTIENE VALUES ('22','AFFONDI MANUBRI',4,10);
INSERT INTO CONTIENE VALUES ('22','PECTORAL MACHINE',4,10);
INSERT INTO CONTIENE VALUES ('22','CURL PESO LEGGERO',4,8);
INSERT INTO CONTIENE VALUES ('22','REMATORI CORDA',4,12);
INSERT INTO CONTIENE VALUES ('23','FLESSIONI',3,8);
INSERT INTO CONTIENE VALUES ('23','CURL BILANCIERE',4,10);
INSERT INTO CONTIENE VALUES ('23','TRAZIONI CON PESO',4,10);
INSERT INTO CONTIENE VALUES ('23','LEG PRESS',4,8);
INSERT INTO CONTIENE VALUES ('23','CRUNCH SOSPESI',4,12);
INSERT INTO CONTIENE VALUES ('23','ALZATE FRONTALI',3,12);
INSERT INTO CONTIENE VALUES ('24','ALZATE LATERALI MACCHINA',3,10);
INSERT INTO CONTIENE VALUES ('24','CURL MACCHINA',3,10);
INSERT INTO CONTIENE VALUES ('24','FLESSIONI',4,8);
INSERT INTO CONTIENE VALUES ('24','AFFONDI MANUBRI',4,10);
INSERT INTO CONTIENE VALUES ('24','REMATORI CORDA',3,10);
INSERT INTO CONTIENE VALUES ('25','FLESSIONI',3,10);
INSERT INTO CONTIENE VALUES ('25','CURL BILANCIERE',3,10);
INSERT INTO CONTIENE VALUES ('25','LEG PRESS',4,8);
INSERT INTO CONTIENE VALUES ('25','LAT MACHINE',4,10);
INSERT INTO CONTIENE VALUES ('26','PANCA ALTA',3,8);
INSERT INTO CONTIENE VALUES ('26','CURL MANUBRI',4,10);
INSERT INTO CONTIENE VALUES ('26','SQUAT BILANCIERE',4,10);
INSERT INTO CONTIENE VALUES ('26','TRAZIONI CON PESO',4,8);
INSERT INTO CONTIENE VALUES ('26','CURL BILANCIERE',3,12);
INSERT INTO CONTIENE VALUES ('27','FLESSIONI',3,8);
INSERT INTO CONTIENE VALUES ('27','CURL MANUBRI',4,10);
INSERT INTO CONTIENE VALUES ('27','SQUAT BILANCIERE',4,10);
INSERT INTO CONTIENE VALUES ('27','ROW MACHINE',4,8);
INSERT INTO CONTIENE VALUES ('27','CRUNCH SOSPESI',3,12);
INSERT INTO CONTIENE VALUES ('28','ALZATE LATERALI MACCHINA',3,8);
INSERT INTO CONTIENE VALUES ('28','AFFONDI MANUBRI',4,10);
INSERT INTO CONTIENE VALUES ('28','CROCI MACCHINA',4,10);
INSERT INTO CONTIENE VALUES ('28','REMATORI CORDA',4,12);
INSERT INTO CONTIENE VALUES ('28','LAT MACHINE LEGGERA',4,12);
INSERT INTO CONTIENE VALUES ('29','CROCI MANUBRI',3,8);
INSERT INTO CONTIENE VALUES ('29','CURL MANUBRI',4,10);
INSERT INTO CONTIENE VALUES ('29','TRAZIONI CON PESO',4,10);
INSERT INTO CONTIENE VALUES ('29','LEG PRESS',4,8);
INSERT INTO CONTIENE VALUES ('29','CRUNCH SOSPESI',4,12);
INSERT INTO CONTIENE VALUES ('30','ALZATE FRONTALI MACCHINA',3,10);
INSERT INTO CONTIENE VALUES ('30','LEG CURL',3,10);
INSERT INTO CONTIENE VALUES ('30','CROCI MACCHINA',4,8);
INSERT INTO CONTIENE VALUES ('30','AFFONDI MANUBRI',4,10);
INSERT INTO CONTIENE VALUES ('30','CURL MACCHINA',3,10);

-- POPOLAMENTO E_ASSEGNATA

INSERT INTO E_ASSEGNATA VALUES ('KMZNIW02J50D385L', '1', '01/07/2018','01/09/2018');
INSERT INTO E_ASSEGNATA VALUES ('ZGACTV06L44M056S', '2', '02/07/2018', '02/09/2018');
INSERT INTO E_ASSEGNATA VALUES ('KQXBSW82D68L433D', '3', '03/07/2018', '03/09/2018');
INSERT INTO E_ASSEGNATA VALUES ('CJKSDG43J50B477X', '4', '04/07/2018', '04/09/2018');
INSERT INTO E_ASSEGNATA VALUES ('JAWVMH55A14O606A', '5', '05/07/2018', '05/09/2018');
INSERT INTO E_ASSEGNATA VALUES ('MVAKFZ55S29A648X', '6', '06/07/2018', '06/09/2018');
INSERT INTO E_ASSEGNATA VALUES ('UJHVEW14A98S577B', '7', '07/07/2018', '07/09/2018');
INSERT INTO E_ASSEGNATA VALUES ('WUXHQK92Q44L711M', '8', '08/07/2018', '08/09/2018');
INSERT INTO E_ASSEGNATA VALUES ('OAWILV32Y85R021K', '9', '09/07/2018', '09/09/2018');
INSERT INTO E_ASSEGNATA VALUES ('QESWVR92G10B017F', '10', '10/07/2018', '10/09/2018');
INSERT INTO E_ASSEGNATA VALUES ('ASCGWQ31R44Z342I', '11', '11/07/2018', '11/09/2018');
INSERT INTO E_ASSEGNATA VALUES ('LNBCVX77B53X278C', '12', '12/07/2018', '12/09/2018');
INSERT INTO E_ASSEGNATA VALUES ('BEJMCI13W11F237L', '13', '13/07/2018', '13/09/2018');
INSERT INTO E_ASSEGNATA VALUES ('FZLBNR04B93Q545M', '14', '14/07/2018', '14/09/2018');
INSERT INTO E_ASSEGNATA VALUES ('ATDQPI45H28W807X', '15', '15/07/2018', '15/09/2018');
INSERT INTO E_ASSEGNATA VALUES ('XQDZVK54Y91F149G', '16', '16/07/2018', '16/09/2018');
INSERT INTO E_ASSEGNATA VALUES ('OLCDGA16P83E695I', '17', '17/07/2018', '17/09/2018');
INSERT INTO E_ASSEGNATA VALUES ('YBNKHM31L99F073C', '18', '18/07/2018', '18/09/2018');
INSERT INTO E_ASSEGNATA VALUES ('QNTRPU20Z65J166Q', '19', '19/07/2018', '19/09/2018');
INSERT INTO E_ASSEGNATA VALUES ('YTFKWA58Y58M955O', '20', '20/07/2018', '20/09/2018');
INSERT INTO E_ASSEGNATA VALUES ('VRBQOE08F04X173Z', '21', '21/07/2018', '21/09/2018');
INSERT INTO E_ASSEGNATA VALUES ('ASNMRI86H49N682P', '22', '22/07/2018', '22/09/2018');
INSERT INTO E_ASSEGNATA VALUES ('PDYWHQ21A86N357A', '23', '23/07/2018', '23/09/2018');
INSERT INTO E_ASSEGNATA VALUES ('OTAMDC01A37V398H', '24', '24/07/2018', '24/09/2018');
INSERT INTO E_ASSEGNATA VALUES ('MPKQWU81E68F952S', '25', '25/07/2018', '25/09/2018');
INSERT INTO E_ASSEGNATA VALUES ('NACEZT98C77G536M', '26', '26/07/2018', '26/09/2018');
INSERT INTO E_ASSEGNATA VALUES ('SYQBPL54X57R300V', '27', '27/07/2018', '27/09/2018');
INSERT INTO E_ASSEGNATA VALUES ('XLHIRG36H21E164R', '28', '28/07/2018', '28/09/2018');
INSERT INTO E_ASSEGNATA VALUES ('CXQARH46G77V575P', '29', '29/07/2018', '29/09/2018');
INSERT INTO E_ASSEGNATA VALUES ('CJROLX57H43H643B', '30', '30/07/2018', '30/09/2018');
INSERT INTO E_ASSEGNATA VALUES ('QJAXUL81W33K759S', '1', '01/08/2018', '01/10/2018');
INSERT INTO E_ASSEGNATA VALUES ('XDWINJ80Z71F303Z', '2', '02/08/2018', '02/10/2018');
INSERT INTO E_ASSEGNATA VALUES ('WCYUDO68A80O481I', '3', '03/08/2018', '03/10/2018');
INSERT INTO E_ASSEGNATA VALUES ('FTKOCY63V48Z139D', '4', '04/08/2018', '04/10/2018');
INSERT INTO E_ASSEGNATA VALUES ('FSZMXU87T47Y812X', '5', '05/08/2018', '05/10/2018');
INSERT INTO E_ASSEGNATA VALUES ('CDOZNM34X85R107I', '6', '06/08/2018', '06/10/2018');
INSERT INTO E_ASSEGNATA VALUES ('LXOHZW87X53L601C', '7', '07/08/2018', '07/10/2018');
INSERT INTO E_ASSEGNATA VALUES ('PVQJSA49W81K023F', '8', '08/08/2018', '08/10/2018');
INSERT INTO E_ASSEGNATA VALUES ('XZJLAG04P38T260B', '9', '09/08/2018', '09/10/2018');
INSERT INTO E_ASSEGNATA VALUES ('SPWHQJ06A57U369Q', '10', '10/08/2018', '10/10/2018');
INSERT INTO E_ASSEGNATA VALUES ('SYUZNG82L87E156D', '11', '11/08/2018', '11/10/2018');
INSERT INTO E_ASSEGNATA VALUES ('DUYGWL72Z57D582F', '12', '12/08/2018', '12/10/2018');
INSERT INTO E_ASSEGNATA VALUES ('EXOMGV79W62Y284F', '13', '13/08/2018', '13/10/2018');
INSERT INTO E_ASSEGNATA VALUES ('FRWDNO29E25U650N', '14', '14/08/2018', '14/10/2018');
INSERT INTO E_ASSEGNATA VALUES ('YMENIP04X89K259M', '15', '15/08/2018', '15/10/2018');
INSERT INTO E_ASSEGNATA VALUES ('FYHKSW10R63J310R', '16', '16/08/2018', '16/10/2018');
INSERT INTO E_ASSEGNATA VALUES ('THJDXE92D62X020Z', '17', '17/08/2018', '17/10/2018');
INSERT INTO E_ASSEGNATA VALUES ('UKDWER43K94B724Q', '18', '18/08/2018', '18/10/2018');
INSERT INTO E_ASSEGNATA VALUES ('FWQHDB49B94S337X', '19', '19/08/2018', '19/10/2018');
INSERT INTO E_ASSEGNATA VALUES ('BSLMGT53R39B013S', '20', '20/08/2018', '20/10/2018');
INSERT INTO E_ASSEGNATA VALUES ('OIRYPD24C54D834R', '21', '21/08/2018', '21/10/2018');
INSERT INTO E_ASSEGNATA VALUES ('AZYXOM93M71L904V', '22', '22/08/2018', '22/10/2018');
INSERT INTO E_ASSEGNATA VALUES ('ERUZAL45F14B478T', '23', '23/08/2018', '23/10/2018');
INSERT INTO E_ASSEGNATA VALUES ('RWHJXP23U75E358K', '24', '24/08/2018', '24/10/2018');
INSERT INTO E_ASSEGNATA VALUES ('YQSGRK07E08F479M', '25', '25/08/2018', '25/10/2018');
INSERT INTO E_ASSEGNATA VALUES ('WFRZVK87U33M198T', '26', '26/08/2018', '26/10/2018');
INSERT INTO E_ASSEGNATA VALUES ('UYEVIM90O46G400P', '27', '27/08/2018', '27/10/2018');
INSERT INTO E_ASSEGNATA VALUES ('AXOTDL09G82O951L', '28', '28/08/2018', '28/10/2018');
INSERT INTO E_ASSEGNATA VALUES ('FDHGVY89A15V883A', '29', '29/08/2018', '29/10/2018');
INSERT INTO E_ASSEGNATA VALUES ('NJBKGY59C66U096R', '30', '30/08/2018', '30/10/2018');
INSERT INTO E_ASSEGNATA VALUES ('CFMVXP42X31H690Y', '1', '01/09/2018', '01/11/2018');
INSERT INTO E_ASSEGNATA VALUES ('ZMSENI91V88D481F', '2', '02/09/2018', '02/11/2018');
INSERT INTO E_ASSEGNATA VALUES ('KZHCAE90U16P625O', '3', '03/09/2018', '03/11/2018');
INSERT INTO E_ASSEGNATA VALUES ('JGBXUY51K30B820I', '4', '04/09/2018', '04/11/2018');
INSERT INTO E_ASSEGNATA VALUES ('IMQFSY20Y87V698G', '5', '05/09/2018', '05/11/2018');
INSERT INTO E_ASSEGNATA VALUES ('IELRHB47M40S396L', '6', '06/09/2018', '06/11/2018');
INSERT INTO E_ASSEGNATA VALUES ('LMXHNZ50J68K260N', '7', '07/09/2018', '07/11/2018');
INSERT INTO E_ASSEGNATA VALUES ('TYBIHJ28J45L091L', '8', '08/09/2018', '08/11/2018');
INSERT INTO E_ASSEGNATA VALUES ('QXATSW12V77Q822K', '9', '09/09/2018', '09/11/2018');
INSERT INTO E_ASSEGNATA VALUES ('XVMQZE40O53G590O', '10', '10/09/2018', '10/11/2018');
INSERT INTO E_ASSEGNATA VALUES ('BSGZCH99Q32Q153R', '11', '11/09/2018', '11/11/2018');
INSERT INTO E_ASSEGNATA VALUES ('POAQNG39H46F092F', '12', '12/09/2018', '12/11/2018');
INSERT INTO E_ASSEGNATA VALUES ('RIHSQZ77N36C132B', '13', '13/09/2018', '13/11/2018');
INSERT INTO E_ASSEGNATA VALUES ('LCBOYG78O29A568E', '14', '14/09/2018', '14/11/2018');
INSERT INTO E_ASSEGNATA VALUES ('LTYAVN07K13G372C', '15', '15/09/2018', '15/11/2018');
INSERT INTO E_ASSEGNATA VALUES ('VBEWJP01H48X771Z', '16', '16/09/2018', '16/11/2018');
INSERT INTO E_ASSEGNATA VALUES ('EYLJXR95N81S659Y', '17', '17/09/2018', '17/11/2018');
INSERT INTO E_ASSEGNATA VALUES ('OUSRTV49N45J277E', '18', '18/09/2018', '18/11/2018');
INSERT INTO E_ASSEGNATA VALUES ('JDTEIK06P48W101S', '19', '19/09/2018', '19/11/2018');
INSERT INTO E_ASSEGNATA VALUES ('NCLQHV72X24B501U', '20', '20/09/2018', '20/11/2018');
INSERT INTO E_ASSEGNATA VALUES ('CQMUGS84B09Z315H', '21', '21/09/2018', '21/11/2018');
INSERT INTO E_ASSEGNATA VALUES ('ASYPXK31Q96P877A', '22', '22/09/2018', '22/11/2018');
INSERT INTO E_ASSEGNATA VALUES ('CUYXWG72A40C975M', '23', '23/09/2018', '23/11/2018');
INSERT INTO E_ASSEGNATA VALUES ('PTFDXC98P57U369Q', '24', '24/09/2018', '24/11/2018');
INSERT INTO E_ASSEGNATA VALUES ('SZYWTI01T40Z542S', '25', '25/09/2018', '25/11/2018');
INSERT INTO E_ASSEGNATA VALUES ('XNMABK69F18H088Z', '26', '26/09/2018', '26/11/2018');
INSERT INTO E_ASSEGNATA VALUES ('QOBZJH40Z24Z782M', '27', '27/09/2018', '27/11/2018');
INSERT INTO E_ASSEGNATA VALUES ('DIPHSG10M41L029F', '28', '28/09/2018', '28/11/2018');
INSERT INTO E_ASSEGNATA VALUES ('LRUMFS19Y26K511R', '29', '29/09/2018', '29/11/2018');
INSERT INTO E_ASSEGNATA VALUES ('LYBGET54W97K867N', '30', '30/09/2018', '30/11/2018');
INSERT INTO E_ASSEGNATA VALUES ('CWSQAX10G37S051G', '1', '01/12/2018', '01/02/2019');
INSERT INTO E_ASSEGNATA VALUES ('NZIGAO01N06D970J', '2', '02/12/2018', '02/02/2019');
INSERT INTO E_ASSEGNATA VALUES ('OTVMXE26D21M353C', '3', '03/12/2018', '03/02/2019');
INSERT INTO E_ASSEGNATA VALUES ('XTPKNA67K68A454I', '4', '04/12/2018', '04/02/2019');
INSERT INTO E_ASSEGNATA VALUES ('MWAQHT19L23J228X', '5', '05/12/2018', '05/02/2019');
INSERT INTO E_ASSEGNATA VALUES ('OUACDN12U12I074A', '6', '06/12/2018', '06/02/2019');
INSERT INTO E_ASSEGNATA VALUES ('NZBHMD09V75Y995V', '7', '07/12/2018', '07/02/2019');
INSERT INTO E_ASSEGNATA VALUES ('IVNEDA74E23O587V', '8', '08/12/2018', '08/02/2019');
INSERT INTO E_ASSEGNATA VALUES ('GWFJER33F26E573H', '9', '09/12/2018', '09/02/2019');
INSERT INTO E_ASSEGNATA VALUES ('LRBGET24W95K867N', '10', '10/12/2018', '10/02/2019');
INSERT INTO E_ASSEGNATA VALUES ('CRSQAX50G34S051G', '11', '11/12/2018', '11/02/2019');
INSERT INTO E_ASSEGNATA VALUES ('NZRGAO41N03D970J', '12', '12/12/2018', '12/02/2019');
INSERT INTO E_ASSEGNATA VALUES ('RTRMXE46D25M353C', '13', '13/12/2018', '13/02/2019');
INSERT INTO E_ASSEGNATA VALUES ('RRPKNA47K64A454I', '14', '14/12/2018', '14/02/2019');
INSERT INTO E_ASSEGNATA VALUES ('EEAQHT49L26J228X', '15', '15/12/2018', '15/02/2019');



--POPOLAMENTO TURNO


INSERT INTO TURNO VALUES ('DOKWIA13R15P994B','80144','15/07/2018','08','15');
INSERT INTO TURNO VALUES ('DOKWIA13R15P994B','80144','16/07/2018','08','15');
INSERT INTO TURNO VALUES ('DOKWIA13R15P994B','80144','17/07/2018','08','15');
INSERT INTO TURNO VALUES ('DOKWIA13R15P994B','80144','18/07/2018','08','15');
INSERT INTO TURNO VALUES ('JHKSGQ83S05D455J','80144','15/07/2018','15','22');
INSERT INTO TURNO VALUES ('JHKSGQ83S05D455J','80144','16/07/2018','15','22');
INSERT INTO TURNO VALUES ('JHKSGQ83S05D455J','80144','17/07/2018','15','22');
INSERT INTO TURNO VALUES ('JHKSGQ83S05D455J','80144','18/07/2018','15','22');
INSERT INTO TURNO VALUES ('XPKQMJ90D67H047X','80144','19/07/2018','08','15');
INSERT INTO TURNO VALUES ('XPKQMJ90D67H047X','80144','20/07/2018','08','15');
INSERT INTO TURNO VALUES ('XPKQMJ90D67H047X','80144','21/07/2018','08','15');
INSERT INTO TURNO VALUES ('XPKQMJ90D67H047X','80144','22/07/2018','08','15');
INSERT INTO TURNO VALUES ('HAVEKN72V54A537M','80144','19/07/2018','15','22');
INSERT INTO TURNO VALUES ('HAVEKN72V54A537M','80144','20/07/2018','15','22');
INSERT INTO TURNO VALUES ('HAVEKN72V54A537M','80144','21/07/2018','15','22');
INSERT INTO TURNO VALUES ('HAVEKN72V54A537M','80144','22/07/2018','15','22');
INSERT INTO TURNO VALUES ('DNZXOC14C04L989E','80053','15/07/2018','08','15');
INSERT INTO TURNO VALUES ('DNZXOC14C04L989E','80053','16/07/2018','08','15');
INSERT INTO TURNO VALUES ('DNZXOC14C04L989E','80053','17/07/2018','08','15');
INSERT INTO TURNO VALUES ('DNZXOC14C04L989E','80053','18/07/2018','08','15');
INSERT INTO TURNO VALUES ('RWMULV46D82C327V','80053','15/07/2018','15','22');
INSERT INTO TURNO VALUES ('RWMULV46D82C327V','80053','16/07/2018','15','22');
INSERT INTO TURNO VALUES ('RWMULV46D82C327V','80053','17/07/2018','15','22');
INSERT INTO TURNO VALUES ('RWMULV46D82C327V','80053','18/07/2018','15','22');
INSERT INTO TURNO VALUES ('APVJKM81T10J191V','80053','19/07/2018','08','15');
INSERT INTO TURNO VALUES ('APVJKM81T10J191V','80053','20/07/2018','08','15');
INSERT INTO TURNO VALUES ('APVJKM81T10J191V','80053','21/07/2018','08','15');
INSERT INTO TURNO VALUES ('APVJKM81T10J191V','80053','22/07/2018','08','15');
INSERT INTO TURNO VALUES ('RWMULV46D82C327V','80053','19/07/2018','15','22');
INSERT INTO TURNO VALUES ('RWMULV46D82C327V','80053','20/07/2018','15','22');
INSERT INTO TURNO VALUES ('RWMULV46D82C327V','80053','21/07/2018','15','22');
INSERT INTO TURNO VALUES ('RWMULV46D82C327V','80053','22/07/2018','15','22');
INSERT INTO TURNO VALUES ('YNAVDC04T09B897H','20156','15/07/2018','08','15');
INSERT INTO TURNO VALUES ('YNAVDC04T09B897H','20156','16/07/2018','08','15');
INSERT INTO TURNO VALUES ('YNAVDC04T09B897H','20156','17/07/2018','08','15');
INSERT INTO TURNO VALUES ('YNAVDC04T09B897H','20156','18/07/2018','08','15');
INSERT INTO TURNO VALUES ('TUMLPD88X61G115W','20156','15/07/2018','15','22');
INSERT INTO TURNO VALUES ('TUMLPD88X61G115W','20156','16/07/2018','15','22');
INSERT INTO TURNO VALUES ('TUMLPD88X61G115W','20156','17/07/2018','15','22');
INSERT INTO TURNO VALUES ('TUMLPD88X61G115W','20156','18/07/2018','15','22');
INSERT INTO TURNO VALUES ('AKDZCT42H20V702G','20156','19/07/2018','08','15');
INSERT INTO TURNO VALUES ('AKDZCT42H20V702G','20156','20/07/2018','08','15');
INSERT INTO TURNO VALUES ('AKDZCT42H20V702G','20156','21/07/2018','08','15');
INSERT INTO TURNO VALUES ('AKDZCT42H20V702G','20156','22/07/2018','08','15');
INSERT INTO TURNO VALUES ('TUMLPD88X61G115W','20156','19/07/2018','15','22');
INSERT INTO TURNO VALUES ('TUMLPD88X61G115W','20156','20/07/2018','15','22');
INSERT INTO TURNO VALUES ('TUMLPD88X61G115W','20156','21/07/2018','15','22');
INSERT INTO TURNO VALUES ('TUMLPD88X61G115W','20156','22/07/2018','15','22');
INSERT INTO TURNO VALUES ('NIDGYC56V10P953I','20138','15/07/2018','08','15');
INSERT INTO TURNO VALUES ('NIDGYC56V10P953I','20138','16/07/2018','08','15');
INSERT INTO TURNO VALUES ('NIDGYC56V10P953I','20138','17/07/2018','08','15');
INSERT INTO TURNO VALUES ('NIDGYC56V10P953I','20138','18/07/2018','08','15');
INSERT INTO TURNO VALUES ('EAPWRB22P77L607X','20138','15/07/2018','15','22');
INSERT INTO TURNO VALUES ('EAPWRB22P77L607X','20138','16/07/2018','15','22');
INSERT INTO TURNO VALUES ('EAPWRB22P77L607X','20138','17/07/2018','15','22');
INSERT INTO TURNO VALUES ('EAPWRB22P77L607X','20138','18/07/2018','15','22');
INSERT INTO TURNO VALUES ('KDPFAO60P32T846I','20138','19/07/2018','08','15');
INSERT INTO TURNO VALUES ('KDPFAO60P32T846I','20138','20/07/2018','08','15');
INSERT INTO TURNO VALUES ('KDPFAO60P32T846I','20138','21/07/2018','08','15');
INSERT INTO TURNO VALUES ('KDPFAO60P32T846I','20138','22/07/2018','08','15');
INSERT INTO TURNO VALUES ('EAPWRB22P77L607X','20138','19/07/2018','15','22');
INSERT INTO TURNO VALUES ('EAPWRB22P77L607X','20138','20/07/2018','15','22');
INSERT INTO TURNO VALUES ('EAPWRB22P77L607X','20138','21/07/2018','15','22');
INSERT INTO TURNO VALUES ('EAPWRB22P77L607X','20138','22/07/2018','15','22');
INSERT INTO TURNO VALUES ('GQVRLB24U11X980D','70100','15/07/2018','08','15');
INSERT INTO TURNO VALUES ('GQVRLB24U11X980D','70100','16/07/2018','08','15');
INSERT INTO TURNO VALUES ('GQVRLB24U11X980D','70100','17/07/2018','08','15');
INSERT INTO TURNO VALUES ('GQVRLB24U11X980D','70100','18/07/2018','08','15');
INSERT INTO TURNO VALUES ('CJKZGU71R40Z530T','70100','15/07/2018','15','22');
INSERT INTO TURNO VALUES ('CJKZGU71R40Z530T','70100','16/07/2018','15','22');
INSERT INTO TURNO VALUES ('CJKZGU71R40Z530T','70100','17/07/2018','15','22');
INSERT INTO TURNO VALUES ('CJKZGU71R40Z530T','70100','18/07/2018','15','22');
INSERT INTO TURNO VALUES ('KYFLAM82X62J244F','70100','19/07/2018','08','15');
INSERT INTO TURNO VALUES ('KYFLAM82X62J244F','70100','20/07/2018','08','15');
INSERT INTO TURNO VALUES ('KYFLAM82X62J244F','70100','21/07/2018','08','15');
INSERT INTO TURNO VALUES ('KYFLAM82X62J244F','70100','22/07/2018','08','15');
INSERT INTO TURNO VALUES ('CJKZGU71R40Z530T','70100','19/07/2018','15','22');
INSERT INTO TURNO VALUES ('CJKZGU71R40Z530T','70100','20/07/2018','15','22');
INSERT INTO TURNO VALUES ('CJKZGU71R40Z530T','70100','21/07/2018','15','22');
INSERT INTO TURNO VALUES ('CJKZGU71R40Z530T','70100','22/07/2018','15','22');
INSERT INTO TURNO VALUES ('UKAWHC26R15U249J','10121','15/07/2018','08','15');
INSERT INTO TURNO VALUES ('UKAWHC26R15U249J','10121','16/07/2018','08','15');
INSERT INTO TURNO VALUES ('UKAWHC26R15U249J','10121','17/07/2018','08','15');
INSERT INTO TURNO VALUES ('UKAWHC26R15U249J','10121','18/07/2018','08','15');
INSERT INTO TURNO VALUES ('ISQNCR10C58W909P','10121','15/07/2018','15','22');
INSERT INTO TURNO VALUES ('ISQNCR10C58W909P','10121','16/07/2018','15','22');
INSERT INTO TURNO VALUES ('ISQNCR10C58W909P','10121','17/07/2018','15','22');
INSERT INTO TURNO VALUES ('ISQNCR10C58W909P','10121','18/07/2018','15','22');
INSERT INTO TURNO VALUES ('WCGUPS24L89O347C','10121','19/07/2018','08','15');
INSERT INTO TURNO VALUES ('WCGUPS24L89O347C','10121','20/07/2018','08','15');
INSERT INTO TURNO VALUES ('WCGUPS24L89O347C','10121','21/07/2018','08','15');
INSERT INTO TURNO VALUES ('WCGUPS24L89O347C','10121','22/07/2018','08','15');
INSERT INTO TURNO VALUES ('ISQNCR10C58W909P','10121','19/07/2018','15','22');
INSERT INTO TURNO VALUES ('ISQNCR10C58W909P','10121','20/07/2018','15','22');
INSERT INTO TURNO VALUES ('ISQNCR10C58W909P','10121','21/07/2018','15','22');
INSERT INTO TURNO VALUES ('ISQNCR10C58W909P','10121','22/07/2018','15','22');
INSERT INTO TURNO VALUES ('DKRJPQ81B64Z105T','80010','15/07/2018','08','11');
INSERT INTO TURNO VALUES ('DKRJPQ81B64Z105T','80010','16/07/2018','08','11');
INSERT INTO TURNO VALUES ('DKRJPQ81B64Z105T','80010','17/07/2018','08','11');
INSERT INTO TURNO VALUES ('DKRJPQ81B64Z105T','80010','18/07/2018','08','11');
INSERT INTO TURNO VALUES ('XVQTPR43N01V989J','80010','15/07/2018','15','18');
INSERT INTO TURNO VALUES ('XVQTPR43N01V989J','80010','16/07/2018','15','18');
INSERT INTO TURNO VALUES ('XVQTPR43N01V989J','80010','17/07/2018','15','18');
INSERT INTO TURNO VALUES ('XVQTPR43N01V989J','80010','18/07/2018','15','18');
INSERT INTO TURNO VALUES ('FJKESR63W58A370N','80010','19/07/2018','08','11');
INSERT INTO TURNO VALUES ('FJKESR63W58A370N','80010','20/07/2018','08','11');
INSERT INTO TURNO VALUES ('FJKESR63W58A370N','80010','21/07/2018','08','11');
INSERT INTO TURNO VALUES ('FJKESR63W58A370N','80010','22/07/2018','08','11');
INSERT INTO TURNO VALUES ('IACBXU62H93H161V','80010','19/07/2018','15','22');
INSERT INTO TURNO VALUES ('IACBXU62H93H161V','80010','20/07/2018','15','22');
INSERT INTO TURNO VALUES ('IACBXU62H93H161V','80010','21/07/2018','15','22');
INSERT INTO TURNO VALUES ('IACBXU62H93H161V','80010','22/07/2018','15','22');
INSERT INTO TURNO VALUES ('ZATGPB51N79U355L','80010','15/07/2018','11','15');
INSERT INTO TURNO VALUES ('ZATGPB51N79U355L','80010','16/07/2018','11','15');
INSERT INTO TURNO VALUES ('ZATGPB51N79U355L','80010','17/07/2018','11','15');
INSERT INTO TURNO VALUES ('ZATGPB51N79U355L','80010','18/07/2018','11','15');
INSERT INTO TURNO VALUES ('YDHNFL14Z53M192J','80010','15/07/2018','18','22');
INSERT INTO TURNO VALUES ('YDHNFL14Z53M192J','80010','16/07/2018','18','22');
INSERT INTO TURNO VALUES ('YDHNFL14Z53M192J','80010','17/07/2018','18','22');
INSERT INTO TURNO VALUES ('YDHNFL14Z53M192J','80010','18/07/2018','18','22');
INSERT INTO TURNO VALUES ('XRVELU23K10J039P','80010','19/07/2018','11','15');
INSERT INTO TURNO VALUES ('XRVELU23K10J039P','80010','20/07/2018','11','15');
INSERT INTO TURNO VALUES ('XRVELU23K10J039P','80010','21/07/2018','11','15');
INSERT INTO TURNO VALUES ('XRVELU23K10J039P','80010','22/07/2018','11','15');
INSERT INTO TURNO VALUES ('ZBHOXV85W05V564L','00010','15/07/2018','08','11');
INSERT INTO TURNO VALUES ('ZBHOXV85W05V564L','00010','16/07/2018','08','11');
INSERT INTO TURNO VALUES ('ZBHOXV85W05V564L','00010','17/07/2018','08','11');
INSERT INTO TURNO VALUES ('ZBHOXV85W05V564L','00010','18/07/2018','08','11');
INSERT INTO TURNO VALUES ('HGDREQ86Z85D099A','00010','15/07/2018','15','18');
INSERT INTO TURNO VALUES ('HGDREQ86Z85D099A','00010','16/07/2018','15','18');
INSERT INTO TURNO VALUES ('HGDREQ86Z85D099A','00010','17/07/2018','15','18');
INSERT INTO TURNO VALUES ('HGDREQ86Z85D099A','00010','18/07/2018','15','18');
INSERT INTO TURNO VALUES ('GWTRBL76M01E738Y','00010','19/07/2018','08','11');
INSERT INTO TURNO VALUES ('GWTRBL76M01E738Y','00010','20/07/2018','08','11');
INSERT INTO TURNO VALUES ('GWTRBL76M01E738Y','00010','21/07/2018','08','11');
INSERT INTO TURNO VALUES ('GWTRBL76M01E738Y','00010','22/07/2018','08','11');
INSERT INTO TURNO VALUES ('KJRLEU36B62Q966L','00010','19/07/2018','15','18');
INSERT INTO TURNO VALUES ('KJRLEU36B62Q966L','00010','20/07/2018','15','18');
INSERT INTO TURNO VALUES ('KJRLEU36B62Q966L','00010','21/07/2018','15','18');
INSERT INTO TURNO VALUES ('KJRLEU36B62Q966L','00010','22/07/2018','15','18');
INSERT INTO TURNO VALUES ('TDIGLB63A38M980C','00010','15/07/2018','11','15');
INSERT INTO TURNO VALUES ('TDIGLB63A38M980C','00010','16/07/2018','11','15');
INSERT INTO TURNO VALUES ('TDIGLB63A38M980C','00010','17/07/2018','11','15');
INSERT INTO TURNO VALUES ('TDIGLB63A38M980C','00010','18/07/2018','11','15');
INSERT INTO TURNO VALUES ('EAKXQF14Q29H490J','00010','15/07/2018','18','22');
INSERT INTO TURNO VALUES ('EAKXQF14Q29H490J','00010','16/07/2018','18','22');
INSERT INTO TURNO VALUES ('EAKXQF14Q29H490J','00010','17/07/2018','18','22');
INSERT INTO TURNO VALUES ('EAKXQF14Q29H490J','00010','18/07/2018','18','22');
INSERT INTO TURNO VALUES ('ATJKZG85T01Y429J','00010','19/07/2018','11','15');
INSERT INTO TURNO VALUES ('ATJKZG85T01Y429J','00010','20/07/2018','11','15');
INSERT INTO TURNO VALUES ('ATJKZG85T01Y429J','00010','21/07/2018','11','15');
INSERT INTO TURNO VALUES ('ATJKZG85T01Y429J','00010','22/07/2018','11','15');
INSERT INTO TURNO VALUES ('VJZSTY66A25N845I','00010','19/07/2018','18','22');
INSERT INTO TURNO VALUES ('VJZSTY66A25N845I','00010','20/07/2018','18','22');
INSERT INTO TURNO VALUES ('VJZSTY66A25N845I','00010','21/07/2018','18','22');
INSERT INTO TURNO VALUES ('VJZSTY66A25N845I','00010','22/07/2018','18','22');
INSERT INTO TURNO VALUES ('HSWQDY89F89C599Q','81010','15/07/2018','08','15');
INSERT INTO TURNO VALUES ('HSWQDY89F89C599Q','81010','16/07/2018','08','15');
INSERT INTO TURNO VALUES ('HSWQDY89F89C599Q','81010','17/07/2018','08','15');
INSERT INTO TURNO VALUES ('HSWQDY89F89C599Q','81010','18/07/2018','08','15');
INSERT INTO TURNO VALUES ('JGANDL90S24C290L','81010','15/07/2018','15','22');
INSERT INTO TURNO VALUES ('JGANDL90S24C290L','81010','16/07/2018','15','22');
INSERT INTO TURNO VALUES ('JGANDL90S24C290L','81010','17/07/2018','15','22');
INSERT INTO TURNO VALUES ('JGANDL90S24C290L','81010','18/07/2018','15','22');
INSERT INTO TURNO VALUES ('JCGSYR91O07N922G','81010','19/07/2018','08','15');
INSERT INTO TURNO VALUES ('JCGSYR91O07N922G','81010','20/07/2018','08','15');
INSERT INTO TURNO VALUES ('JCGSYR91O07N922G','81010','21/07/2018','08','15');
INSERT INTO TURNO VALUES ('JCGSYR91O07N922G','81010','22/07/2018','08','15');
INSERT INTO TURNO VALUES ('ISKAHO57X14Y659V','81010','19/07/2018','15','22');
INSERT INTO TURNO VALUES ('ISKAHO57X14Y659V','81010','20/07/2018','15','22');
INSERT INTO TURNO VALUES ('ISKAHO57X14Y659V','81010','21/07/2018','15','22');
INSERT INTO TURNO VALUES ('ISKAHO57X14Y659V','81010','22/07/2018','15','22');




--POPOLAMENTO EVENTO

INSERT INTO EVENTO VALUES ('I GIORNATA FITNESS','80144','02/07/2018');
INSERT INTO EVENTO VALUES ('II GIORNATA FITNESS','80053','15/07/2018');
INSERT INTO EVENTO VALUES ('III GIORNATA FITNESS','20156','20/07/2018');
INSERT INTO EVENTO VALUES ('IV GIORNATA FITNESS','20138','29/07/2018');
INSERT INTO EVENTO VALUES ('V GIORNATA FITNESS','70100','05/08/2018');
INSERT INTO EVENTO VALUES ('VI GIORNATA FITNESS','10121','01/09/2018');
INSERT INTO EVENTO VALUES ('I GARA KARATE','80010','12/09/2018');
INSERT INTO EVENTO VALUES ('II GARA KARATE','00010','19/09/2018');
INSERT INTO EVENTO VALUES ('III GARA KARATE','81010','26/09/2018');
INSERT INTO EVENTO VALUES ('IV GARA KARATE','80144','04/10/2018');
INSERT INTO EVENTO VALUES ('V GARA KARATE','80053','09/10/2018');
INSERT INTO EVENTO VALUES ('VI GARA KARATE','20156','17/10/2018');
INSERT INTO EVENTO VALUES ('I GARA FIT BOXE','20138','20/10/2018');
INSERT INTO EVENTO VALUES ('II GARA FIT BOXE','70100','25/10/2018');
INSERT INTO EVENTO VALUES ('III GARA FIT BOXE','10121','29/10/2018');
INSERT INTO EVENTO VALUES ('IV GARA FIT BOXE','80010','01/11/2018');
INSERT INTO EVENTO VALUES ('V GARA FIT BOXE','00010','03/11/2018');
INSERT INTO EVENTO VALUES ('VI GARA FIT BOXE','80144','04/11/2018');
INSERT INTO EVENTO VALUES ('I GARA BODYBULDING','80053','09/11/2018');
INSERT INTO EVENTO VALUES ('II GARA BODYBULDING','20156','17/11/2018');
INSERT INTO EVENTO VALUES ('III GARA BODYBULDING','20138','20/11/2018');
INSERT INTO EVENTO VALUES ('IV GARA BODYBULDING','70100','25/11/2018');
INSERT INTO EVENTO VALUES ('V GARA BODYBULDING','10121','29/11/2018');
INSERT INTO EVENTO VALUES ('VI GARA BODYBULDING','80010','02/12/2018');
INSERT INTO EVENTO VALUES ('I TROFEO ADIDAS','00010','07/12/2018');
INSERT INTO EVENTO VALUES ('II TROFEO ADIDAS','80144','09/12/2018');
INSERT INTO EVENTO VALUES ('III TROFEO ADIDAS','80053','09/12/2018');
INSERT INTO EVENTO VALUES ('IV TROFEO','20156','17/12/2018');
INSERT INTO EVENTO VALUES ('IV TROFEO ADIDAS','20138','30/12/2018');
INSERT INTO EVENTO VALUES ('V TROFEO ADIDAS','20138','20/12/2018');
INSERT INTO EVENTO VALUES ('VI TROFEO ADIDAS','70100','25/12/2018');
INSERT INTO EVENTO VALUES ('I TROFEO NIKE','10121','29/12/2018');
INSERT INTO EVENTO VALUES ('II TROFEO NIKE','80010','02/01/2019');
INSERT INTO EVENTO VALUES ('III TROFEO NIKE','00010','07/01/2019');
INSERT INTO EVENTO VALUES ('IV TROFEO NIKE','20156','10/01/2019');
INSERT INTO EVENTO VALUES ('V TROFEO NIKE','20138','13/01/2019');
INSERT INTO EVENTO VALUES ('VI TROFEO NIKE','70100','15/01/2019');


--POPOLAMENTO PARTECIPA

INSERT INTO PARTECIPA VALUES ('KMZNIW02J50D385L', 'I GIORNATA FITNESS');
INSERT INTO PARTECIPA VALUES ('ZGACTV06L44M056S', 'III GARA BODYBULDING');
INSERT INTO PARTECIPA VALUES ('KQXBSW82D68L433D', 'V GARA KARATE');
INSERT INTO PARTECIPA VALUES ('CJKSDG43J50B477X', 'III TROFEO NIKE');
INSERT INTO PARTECIPA VALUES ('JAWVMH55A14O606A', 'II TROFEO NIKE');
INSERT INTO PARTECIPA VALUES ('MVAKFZ55S29A648X', 'I TROFEO ADIDAS');
INSERT INTO PARTECIPA VALUES ('UJHVEW14A98S577B', 'IV GARA FIT BOXE');
INSERT INTO PARTECIPA VALUES ('WUXHQK92Q44L711M', 'V GIORNATA FITNESS');
INSERT INTO PARTECIPA VALUES ('OAWILV32Y85R021K', 'VI GARA BODYBULDING');
INSERT INTO PARTECIPA VALUES ('QESWVR92G10B017F', 'V TROFEO ADIDAS');
INSERT INTO PARTECIPA VALUES ('ASCGWQ31R44Z342I', 'II TROFEO ADIDAS');
INSERT INTO PARTECIPA VALUES ('LNBCVX77B53X278C', 'VI TROFEO ADIDAS');
INSERT INTO PARTECIPA VALUES ('BEJMCI13W11F237L', 'I GIORNATA FITNESS');
INSERT INTO PARTECIPA VALUES ('FZLBNR04B93Q545M', 'II GIORNATA FITNESS');
INSERT INTO PARTECIPA VALUES ('ATDQPI45H28W807X', 'III GIORNATA FITNESS');
INSERT INTO PARTECIPA VALUES ('XQDZVK54Y91F149G', 'IV GIORNATA FITNESS');
INSERT INTO PARTECIPA VALUES ('OLCDGA16P83E695I', 'II GARA FIT BOXE');
INSERT INTO PARTECIPA VALUES ('YBNKHM31L99F073C', 'V GARA FIT BOXE');
INSERT INTO PARTECIPA VALUES ('QNTRPU20Z65J166Q', 'IV TROFEO ADIDAS');
INSERT INTO PARTECIPA VALUES ('YTFKWA58Y58M955O', 'V TROFEO NIKE');
INSERT INTO PARTECIPA VALUES ('VRBQOE08F04X173Z', 'IV GIORNATA FITNESS');
INSERT INTO PARTECIPA VALUES ('ASNMRI86H49N682P', 'III GARA BODYBULDING');
INSERT INTO PARTECIPA VALUES ('PDYWHQ21A86N357A', 'IV GARA BODYBULDING');
INSERT INTO PARTECIPA VALUES ('OTAMDC01A37V398H', 'VI GARA BODYBULDING');
INSERT INTO PARTECIPA VALUES ('MPKQWU81E68F952S', 'VI GIORNATA FITNESS');
INSERT INTO PARTECIPA VALUES ('NACEZT98C77G536M', 'III GARA KARATE');
INSERT INTO PARTECIPA VALUES ('SYQBPL54X57R300V', 'II GARA FIT BOXE');
INSERT INTO PARTECIPA VALUES ('XLHIRG36H21E164R', 'I GARA BODYBULDING');
INSERT INTO PARTECIPA VALUES ('CXQARH46G77V575P', 'V TROFEO ADIDAS');
INSERT INTO PARTECIPA VALUES ('CJROLX57H43H643B', 'II TROFEO NIKE');
INSERT INTO PARTECIPA VALUES ('QJAXUL81W33K759S', 'VI TROFEO NIKE');
INSERT INTO PARTECIPA VALUES ('ZXWMSJ20N67Z183E', 'I TROFEO ADIDAS');
INSERT INTO PARTECIPA VALUES ('XDWINJ80Z71F303Z', 'I TROFEO ADIDAS');
INSERT INTO PARTECIPA VALUES ('WCYUDO68A80O481I', 'II TROFEO ADIDAS');
INSERT INTO PARTECIPA VALUES ('FTKOCY63V48Z139D', 'III TROFEO ADIDAS');
INSERT INTO PARTECIPA VALUES ('CDOZNM34X85R107I', 'V TROFEO ADIDAS');
INSERT INTO PARTECIPA VALUES ('LXOHZW87X53L601C', 'VI TROFEO ADIDAS');
INSERT INTO PARTECIPA VALUES ('PVQJSA49W81K023F', 'II GARA FIT BOXE');
INSERT INTO PARTECIPA VALUES ('XZJLAG04P38T260B', 'III GARA KARATE');
INSERT INTO PARTECIPA VALUES ('SPWHQJ06A57U369Q', 'VI GIORNATA FITNESS');
INSERT INTO PARTECIPA VALUES ('SYUZNG82L87E156D', 'VI TROFEO NIKE');
INSERT INTO PARTECIPA VALUES ('DUYGWL72Z57D582F', 'I GARA BODYBULDING');
INSERT INTO PARTECIPA VALUES ('EXOMGV79W62Y284F', 'II GARA FIT BOXE');
INSERT INTO PARTECIPA VALUES ('FRWDNO29E25U650N', 'III GARA FIT BOXE');
INSERT INTO PARTECIPA VALUES ('YMENIP04X89K259M', 'VI GARA FIT BOXE');
INSERT INTO PARTECIPA VALUES ('FYHKSW10R63J310R', 'IV GARA BODYBULDING');
INSERT INTO PARTECIPA VALUES ('THJDXE92D62X020Z', 'VI GARA FIT BOXE');
INSERT INTO PARTECIPA VALUES ('UKDWER43K94B724Q', 'II GARA KARATE');
INSERT INTO PARTECIPA VALUES ('FWQHDB49B94S337X', 'III GARA KARATE');
INSERT INTO PARTECIPA VALUES ('BSLMGT53R39B013S', 'II TROFEO NIKE');
INSERT INTO PARTECIPA VALUES ('OIRYPD24C54D834R', 'II TROFEO ADIDAS');
INSERT INTO PARTECIPA VALUES ('AZYXOM93M71L904V', 'VI GARA KARATE');
INSERT INTO PARTECIPA VALUES ('ERUZAL45F14B478T', 'IV GIORNATA FITNESS');
INSERT INTO PARTECIPA VALUES ('RWHJXP23U75E358K', 'VI GARA BODYBULDING');
INSERT INTO PARTECIPA VALUES ('YQSGRK07E08F479M', 'I GARA FIT BOXE');
INSERT INTO PARTECIPA VALUES ('WFRZVK87U33M198T', 'II GARA FIT BOXE');
INSERT INTO PARTECIPA VALUES ('UYEVIM90O46G400P', 'IV GARA KARATE');
INSERT INTO PARTECIPA VALUES ('AXOTDL09G82O951L', 'III TROFEO ADIDAS');
INSERT INTO PARTECIPA VALUES ('FDHGVY89A15V883A', 'III GIORNATA FITNESS');
INSERT INTO PARTECIPA VALUES ('NJBKGY59C66U096R', 'V GARA KARATE');
INSERT INTO PARTECIPA VALUES ('CFMVXP42X31H690Y', 'VI TROFEO NIKE');
INSERT INTO PARTECIPA VALUES ('ZMSENI91V88D481F', 'II GARA FIT BOXE');
INSERT INTO PARTECIPA VALUES ('KZHCAE90U16P625O', 'IV GARA BODYBULDING');
INSERT INTO PARTECIPA VALUES ('JGBXUY51K30B820I', 'I TROFEO NIKE');
INSERT INTO PARTECIPA VALUES ('IMQFSY20Y87V698G', 'V TROFEO ADIDAS');
INSERT INTO PARTECIPA VALUES ('IELRHB47M40S396L', 'VI TROFEO ADIDAS');
INSERT INTO PARTECIPA VALUES ('LMXHNZ50J68K260N', 'VI GIORNATA FITNESS');
INSERT INTO PARTECIPA VALUES ('TYBIHJ28J45L091L', 'V GIORNATA FITNESS');
INSERT INTO PARTECIPA VALUES ('QXATSW12V77Q822K', 'II GARA FIT BOXE');
INSERT INTO PARTECIPA VALUES ('XVMQZE40O53G590O', 'III GARA KARATE');
INSERT INTO PARTECIPA VALUES ('BSGZCH99Q32Q153R', 'I GARA KARATE');
INSERT INTO PARTECIPA VALUES ('POAQNG39H46F092F', 'II GARA KARATE');
INSERT INTO PARTECIPA VALUES ('RIHSQZ77N36C132B', 'V GARA FIT BOXE');
INSERT INTO PARTECIPA VALUES ('LCBOYG78O29A568E', 'VI GARA FIT BOXE');
INSERT INTO PARTECIPA VALUES ('LTYAVN07K13G372C', 'V TROFEO NIKE');
INSERT INTO PARTECIPA VALUES ('VBEWJP01H48X771Z', 'VI TROFEO NIKE');
INSERT INTO PARTECIPA VALUES ('EYLJXR95N81S659Y', 'I TROFEO ADIDAS');
INSERT INTO PARTECIPA VALUES ('OUSRTV49N45J277E', 'I TROFEO ADIDAS');
INSERT INTO PARTECIPA VALUES ('JDTEIK06P48W101S', 'I TROFEO NIKE');
INSERT INTO PARTECIPA VALUES ('NCLQHV72X24B501U', 'I GIORNATA FITNESS');
INSERT INTO PARTECIPA VALUES ('CQMUGS84B09Z315H', 'IV GIORNATA FITNESS');
INSERT INTO PARTECIPA VALUES ('ASYPXK31Q96P877A', 'II GARA FIT BOXE');
INSERT INTO PARTECIPA VALUES ('CUYXWG72A40C975M', 'IV GARA FIT BOXE');
INSERT INTO PARTECIPA VALUES ('PTFDXC98P57U369Q', 'III GARA KARATE');
INSERT INTO PARTECIPA VALUES ('SZYWTI01T40Z542S', 'IV GARA KARATE');
INSERT INTO PARTECIPA VALUES ('XNMABK69F18H088Z', 'II GARA BODYBULDING');
INSERT INTO PARTECIPA VALUES ('QOBZJH40Z24Z782M', 'III GARA BODYBULDING');
INSERT INTO PARTECIPA VALUES ('DIPHSG10M41L029F', 'V GIORNATA FITNESS');
INSERT INTO PARTECIPA VALUES ('LRUMFS19Y26K511R', 'III TROFEO ADIDAS');
INSERT INTO PARTECIPA VALUES ('JDTEIK06P48W101S', 'IV TROFEO NIKE');
INSERT INTO PARTECIPA VALUES ('NCLQHV72X24B501U', 'IV GARA KARATE');
INSERT INTO PARTECIPA VALUES ('CQMUGS84B09Z315H', 'II GARA FIT BOXE');
INSERT INTO PARTECIPA VALUES ('ASYPXK31Q96P877A', 'VI GARA BODYBULDING');
INSERT INTO PARTECIPA VALUES ('CUYXWG72A40C975M', 'III GIORNATA FITNESS');
INSERT INTO PARTECIPA VALUES ('PTFDXC98P57U369Q', 'VI GIORNATA FITNESS');
INSERT INTO PARTECIPA VALUES ('SZYWTI01T40Z542S', 'I GARA FIT BOXE');
INSERT INTO PARTECIPA VALUES ('XNMABK69F18H088Z', 'III GARA BODYBULDING');
INSERT INTO PARTECIPA VALUES ('QOBZJH40Z24Z782M', 'VI GARA BODYBULDING');
INSERT INTO PARTECIPA VALUES ('GWFJER33F26E573H', 'IV GARA FIT BOXE');
INSERT INTO PARTECIPA VALUES ('LRBGET24W95K867N', 'V GARA KARATE');
INSERT INTO PARTECIPA VALUES ('CRSQAX50G34S051G', 'IV TROFEO NIKE');
INSERT INTO PARTECIPA VALUES ('RTRMXE46D25M353C', 'II GIORNATA FITNESS');
INSERT INTO PARTECIPA VALUES ('RRPKNA47K64A454I', 'III GARA BODYBULDING');
INSERT INTO PARTECIPA VALUES ('MWAQHT19L23J228X', 'II GARA FIT BOXE');
INSERT INTO PARTECIPA VALUES ('KMZNIW02J50D385L', 'IV GIORNATA FITNESS');
INSERT INTO PARTECIPA VALUES ('ZGACTV06L44M056S', 'IV TROFEO NIKE');
INSERT INTO PARTECIPA VALUES ('KQXBSW82D68L433D', 'III TROFEO ADIDAS');
INSERT INTO PARTECIPA VALUES ('CJKSDG43J50B477X', 'II GARA KARATE');
INSERT INTO PARTECIPA VALUES ('JAWVMH55A14O606A', 'III GARA KARATE');
INSERT INTO PARTECIPA VALUES ('KQXBSW82D68L433D', 'III GARA BODYBULDING');
INSERT INTO PARTECIPA VALUES ('CJKSDG43J50B477X', 'V GARA FIT BOXE');
INSERT INTO PARTECIPA VALUES ('KQXBSW82D68L433D', 'III TROFEO NIKE');
INSERT INTO PARTECIPA VALUES ('CJKSDG43J50B477X', 'V TROFEO ADIDAS');
INSERT INTO PARTECIPA VALUES ('JAWVMH55A14O606A', 'I TROFEO NIKE');
INSERT INTO PARTECIPA VALUES ('UJHVEW14A98S577B', 'III GIORNATA FITNESS');
INSERT INTO PARTECIPA VALUES ('WUXHQK92Q44L711M', 'IV GARA FIT BOXE');
INSERT INTO PARTECIPA VALUES ('OAWILV32Y85R021K', 'VI TROFEO NIKE');
INSERT INTO PARTECIPA VALUES ('QESWVR92G10B017F', 'VI GARA KARATE');
INSERT INTO PARTECIPA VALUES ('ASCGWQ31R44Z342I', 'V GARA KARATE');
INSERT INTO PARTECIPA VALUES ('LNBCVX77B53X278C', 'II GIORNATA FITNESS');
INSERT INTO PARTECIPA VALUES ('BEJMCI13W11F237L', 'IV GARA FIT BOXE');
INSERT INTO PARTECIPA VALUES ('FZLBNR04B93Q545M', 'II GARA BODYBULDING');
INSERT INTO PARTECIPA VALUES ('ATDQPI45H28W807X', 'VI TROFEO ADIDAS');
INSERT INTO PARTECIPA VALUES ('XQDZVK54Y91F149G', 'III GARA KARATE');
INSERT INTO PARTECIPA VALUES ('OLCDGA16P83E695I', 'III GARA FIT BOXE');
INSERT INTO PARTECIPA VALUES ('YBNKHM31L99F073C', 'III TROFEO ADIDAS');
INSERT INTO PARTECIPA VALUES ('QNTRPU20Z65J166Q', 'III TROFEO NIKE');

--POPOLAMENTO ABBONAMENTO

INSERT INTO ABBONAMENTO VALUES ('0001', 'KMZNIW02J50D385L', '01/07/2018', '01/07/2019');
INSERT INTO ABBONAMENTO VALUES ('0002', 'ZGACTV06L44M056S', '02/07/2018', '02/07/2019');
INSERT INTO ABBONAMENTO VALUES ('0003', 'KQXBSW82D68L433D', '03/07/2018', '03/07/2019');
INSERT INTO ABBONAMENTO VALUES ('0004', 'CJKSDG43J50B477X', '04/07/2018', '04/07/2019');
INSERT INTO ABBONAMENTO VALUES ('0005', 'JAWVMH55A14O606A', '05/07/2018', '05/07/2019');
INSERT INTO ABBONAMENTO VALUES ('0006', 'MVAKFZ55S29A648X', '06/07/2018', '06/07/2019');
INSERT INTO ABBONAMENTO VALUES ('0007', 'UJHVEW14A98S577B', '07/07/2018', '07/07/2019');
INSERT INTO ABBONAMENTO VALUES ('0008', 'WUXHQK92Q44L711M', '08/07/2018', '08/07/2019');
INSERT INTO ABBONAMENTO VALUES ('0009', 'OAWILV32Y85R021K', '09/07/2018', '09/07/2019');
INSERT INTO ABBONAMENTO VALUES ('0010', 'QESWVR92G10B017F', '10/07/2018', '10/07/2019');
INSERT INTO ABBONAMENTO VALUES ('0011', 'ASCGWQ31R44Z342I', '11/07/2018', '11/07/2019');
INSERT INTO ABBONAMENTO VALUES ('0012', 'LNBCVX77B53X278C', '12/07/2018', '12/07/2019');
INSERT INTO ABBONAMENTO VALUES ('0013', 'BEJMCI13W11F237L', '13/07/2018', '13/07/2019');
INSERT INTO ABBONAMENTO VALUES ('0014', 'FZLBNR04B93Q545M', '14/07/2018', '14/07/2019');
INSERT INTO ABBONAMENTO VALUES ('0015', 'ATDQPI45H28W807X', '15/07/2018', '15/07/2019');
INSERT INTO ABBONAMENTO VALUES ('0016', 'XQDZVK54Y91F149G', '16/07/2018', '16/07/2019');
INSERT INTO ABBONAMENTO VALUES ('0017', 'OLCDGA16P83E695I', '17/07/2018', '17/07/2019');
INSERT INTO ABBONAMENTO VALUES ('0018', 'YBNKHM31L99F073C', '18/07/2018', '18/07/2019');
INSERT INTO ABBONAMENTO VALUES ('0019', 'QNTRPU20Z65J166Q', '19/07/2018', '19/07/2019');
INSERT INTO ABBONAMENTO VALUES ('0020', 'YTFKWA58Y58M955O', '20/07/2018', '20/07/2019');
INSERT INTO ABBONAMENTO VALUES ('0021', 'VRBQOE08F04X173Z', '21/07/2018', '21/07/2019');
INSERT INTO ABBONAMENTO VALUES ('0022', 'ASNMRI86H49N682P', '22/07/2018', '22/07/2019');
INSERT INTO ABBONAMENTO VALUES ('0023', 'PDYWHQ21A86N357A', '23/07/2018', '23/07/2019');
INSERT INTO ABBONAMENTO VALUES ('0024', 'OTAMDC01A37V398H', '24/07/2018', '24/07/2019');
INSERT INTO ABBONAMENTO VALUES ('0025', 'MPKQWU81E68F952S', '25/07/2018', '25/07/2019');
INSERT INTO ABBONAMENTO VALUES ('0026', 'NACEZT98C77G536M', '26/07/2018', '26/07/2019');
INSERT INTO ABBONAMENTO VALUES ('0027', 'SYQBPL54X57R300V', '27/07/2018', '27/07/2019');
INSERT INTO ABBONAMENTO VALUES ('0028', 'XLHIRG36H21E164R', '28/07/2018', '28/07/2019');
INSERT INTO ABBONAMENTO VALUES ('0029', 'CXQARH46G77V575P', '29/07/2018', '29/07/2019');
INSERT INTO ABBONAMENTO VALUES ('0030', 'CJROLX57H43H643B', '30/07/2018', '30/07/2019');
INSERT INTO ABBONAMENTO VALUES ('0031', 'QJAXUL81W33K759S', '01/08/2018', '01/08/2019');
INSERT INTO ABBONAMENTO VALUES ('0032', 'XDWINJ80Z71F303Z', '02/08/2018', '02/08/2019');
INSERT INTO ABBONAMENTO VALUES ('0033', 'WCYUDO68A80O481I', '03/08/2018', '03/08/2019');
INSERT INTO ABBONAMENTO VALUES ('0034', 'FTKOCY63V48Z139D', '04/08/2018', '04/08/2019');
INSERT INTO ABBONAMENTO VALUES ('0035', 'FSZMXU87T47Y812X', '05/08/2018', '05/08/2019');
INSERT INTO ABBONAMENTO VALUES ('0036', 'CDOZNM34X85R107I', '06/08/2018', '06/08/2019');
INSERT INTO ABBONAMENTO VALUES ('0037', 'LXOHZW87X53L601C', '07/08/2018', '07/08/2019');
INSERT INTO ABBONAMENTO VALUES ('0038', 'PVQJSA49W81K023F', '08/08/2018', '08/08/2019');
INSERT INTO ABBONAMENTO VALUES ('0039', 'XZJLAG04P38T260B', '09/08/2018', '09/08/2019');
INSERT INTO ABBONAMENTO VALUES ('0040', 'SPWHQJ06A57U369Q', '10/08/2018', '10/08/2019');
INSERT INTO ABBONAMENTO VALUES ('0041', 'SYUZNG82L87E156D', '11/08/2018', '11/08/2019');
INSERT INTO ABBONAMENTO VALUES ('0042', 'DUYGWL72Z57D582F', '12/08/2018', '12/08/2019');
INSERT INTO ABBONAMENTO VALUES ('0043', 'EXOMGV79W62Y284F', '13/08/2018', '13/08/2019');
INSERT INTO ABBONAMENTO VALUES ('0044', 'FRWDNO29E25U650N', '14/08/2018', '14/08/2019');
INSERT INTO ABBONAMENTO VALUES ('0045', 'YMENIP04X89K259M', '15/08/2018', '15/08/2019');
INSERT INTO ABBONAMENTO VALUES ('0046', 'FYHKSW10R63J310R', '16/08/2018', '16/08/2019');
INSERT INTO ABBONAMENTO VALUES ('0047', 'THJDXE92D62X020Z', '17/08/2018', '17/08/2019');
INSERT INTO ABBONAMENTO VALUES ('0048', 'UKDWER43K94B724Q', '18/08/2018', '18/08/2019');
INSERT INTO ABBONAMENTO VALUES ('0049', 'FWQHDB49B94S337X', '19/08/2018', '19/08/2019');
INSERT INTO ABBONAMENTO VALUES ('0050', 'BSLMGT53R39B013S', '20/08/2018', '20/08/2019');
INSERT INTO ABBONAMENTO VALUES ('0051', 'OIRYPD24C54D834R', '21/08/2018', '21/08/2019');
INSERT INTO ABBONAMENTO VALUES ('0052', 'AZYXOM93M71L904V', '22/08/2018', '22/08/2019');
INSERT INTO ABBONAMENTO VALUES ('0053', 'ERUZAL45F14B478T', '23/08/2018', '23/08/2019');
INSERT INTO ABBONAMENTO VALUES ('0054', 'RWHJXP23U75E358K', '24/08/2018', '24/08/2019');
INSERT INTO ABBONAMENTO VALUES ('0055', 'YQSGRK07E08F479M', '25/08/2018', '25/08/2019');
INSERT INTO ABBONAMENTO VALUES ('0056', 'WFRZVK87U33M198T', '26/08/2018', '26/08/2019');
INSERT INTO ABBONAMENTO VALUES ('0057', 'UYEVIM90O46G400P', '27/08/2018', '27/08/2019');
INSERT INTO ABBONAMENTO VALUES ('0058', 'AXOTDL09G82O951L', '28/08/2018', '28/08/2019');
INSERT INTO ABBONAMENTO VALUES ('0059', 'FDHGVY89A15V883A', '29/08/2018', '29/08/2019');
INSERT INTO ABBONAMENTO VALUES ('0060', 'NJBKGY59C66U096R', '30/08/2018', '30/08/2019');
INSERT INTO ABBONAMENTO VALUES ('0061', 'CFMVXP42X31H690Y', '01/09/2018', '01/09/2019');
INSERT INTO ABBONAMENTO VALUES ('0062', 'ZMSENI91V88D481F', '02/09/2018', '02/09/2019');
INSERT INTO ABBONAMENTO VALUES ('0063', 'KZHCAE90U16P625O', '03/09/2018', '03/09/2019');
INSERT INTO ABBONAMENTO VALUES ('0064', 'JGBXUY51K30B820I', '04/09/2018', '04/09/2019');
INSERT INTO ABBONAMENTO VALUES ('0065', 'IMQFSY20Y87V698G', '05/09/2018', '05/09/2019');
INSERT INTO ABBONAMENTO VALUES ('0066', 'IELRHB47M40S396L', '06/09/2018', '06/09/2019');
INSERT INTO ABBONAMENTO VALUES ('0067', 'LMXHNZ50J68K260N', '07/09/2018', '07/09/2019');
INSERT INTO ABBONAMENTO VALUES ('0068', 'TYBIHJ28J45L091L', '08/09/2018', '08/09/2019');
INSERT INTO ABBONAMENTO VALUES ('0069', 'QXATSW12V77Q822K', '09/09/2018', '09/09/2019');
INSERT INTO ABBONAMENTO VALUES ('0070', 'XVMQZE40O53G590O', '10/09/2018', '10/09/2019');
INSERT INTO ABBONAMENTO VALUES ('0071', 'BSGZCH99Q32Q153R', '11/09/2018', '11/09/2019');
INSERT INTO ABBONAMENTO VALUES ('0072', 'POAQNG39H46F092F', '12/09/2018', '12/09/2019');
INSERT INTO ABBONAMENTO VALUES ('0073', 'RIHSQZ77N36C132B', '13/09/2018', '13/09/2019');
INSERT INTO ABBONAMENTO VALUES ('0074', 'LCBOYG78O29A568E', '14/09/2018', '14/09/2019');
INSERT INTO ABBONAMENTO VALUES ('0075', 'LTYAVN07K13G372C', '15/09/2018', '15/09/2019');
INSERT INTO ABBONAMENTO VALUES ('0076', 'VBEWJP01H48X771Z', '16/09/2018', '16/09/2019');
INSERT INTO ABBONAMENTO VALUES ('0077', 'EYLJXR95N81S659Y', '17/09/2018', '17/09/2019');
INSERT INTO ABBONAMENTO VALUES ('0078', 'OUSRTV49N45J277E', '18/09/2018', '18/09/2019');
INSERT INTO ABBONAMENTO VALUES ('0079', 'JDTEIK06P48W101S', '19/09/2018', '19/09/2019');
INSERT INTO ABBONAMENTO VALUES ('0080', 'NCLQHV72X24B501U', '20/09/2018', '20/09/2019');
INSERT INTO ABBONAMENTO VALUES ('0081', 'CQMUGS84B09Z315H', '21/09/2018', '21/09/2019');
INSERT INTO ABBONAMENTO VALUES ('0082', 'ASYPXK31Q96P877A', '22/09/2018', '22/09/2019');
INSERT INTO ABBONAMENTO VALUES ('0083', 'CUYXWG72A40C975M', '23/09/2018', '23/09/2019');
INSERT INTO ABBONAMENTO VALUES ('0084', 'PTFDXC98P57U369Q', '24/09/2018', '24/09/2019');
INSERT INTO ABBONAMENTO VALUES ('0085', 'SZYWTI01T40Z542S', '25/09/2018', '25/09/2019');
INSERT INTO ABBONAMENTO VALUES ('0086', 'XNMABK69F18H088Z', '26/09/2018', '26/09/2019');
INSERT INTO ABBONAMENTO VALUES ('0087', 'QOBZJH40Z24Z782M', '27/09/2018', '27/09/2019');
INSERT INTO ABBONAMENTO VALUES ('0088', 'DIPHSG10M41L029F', '28/09/2018', '28/09/2019');
INSERT INTO ABBONAMENTO VALUES ('0089', 'LRUMFS19Y26K511R', '29/09/2018', '29/09/2019');
INSERT INTO ABBONAMENTO VALUES ('0090', 'LYBGET54W97K867N', '30/09/2018', '30/09/2019');
INSERT INTO ABBONAMENTO VALUES ('0091', 'CWSQAX10G37S051G', '01/12/2018', '01/12/2019');
INSERT INTO ABBONAMENTO VALUES ('0092', 'NZIGAO01N06D970J', '02/12/2018', '02/12/2019');
INSERT INTO ABBONAMENTO VALUES ('0093', 'OTVMXE26D21M353C', '03/12/2018', '03/12/2019');
INSERT INTO ABBONAMENTO VALUES ('0094', 'XTPKNA67K68A454I', '04/12/2018', '04/12/2019');
INSERT INTO ABBONAMENTO VALUES ('0095', 'MWAQHT19L23J228X', '05/12/2018', '05/12/2019');
INSERT INTO ABBONAMENTO VALUES ('0096', 'OUACDN12U12I074A', '06/12/2018', '06/12/2019');
INSERT INTO ABBONAMENTO VALUES ('0097', 'NZBHMD09V75Y995V', '07/12/2018', '07/12/2019');
INSERT INTO ABBONAMENTO VALUES ('0098', 'IVNEDA74E23O587V', '08/12/2018', '08/12/2019');
INSERT INTO ABBONAMENTO VALUES ('0099', 'GWFJER33F26E573H', '09/12/2018', '09/12/2019');
INSERT INTO ABBONAMENTO VALUES ('0100', 'LRBGET24W95K867N', '10/12/2018', '10/12/2019');
INSERT INTO ABBONAMENTO VALUES ('0101', 'CRSQAX50G34S051G', '11/12/2018', '11/12/2019');
INSERT INTO ABBONAMENTO VALUES ('0102', 'NZRGAO41N03D970J', '12/12/2018', '12/12/2019');
INSERT INTO ABBONAMENTO VALUES ('0103', 'RTRMXE46D25M353C', '13/12/2018', '13/12/2019');
INSERT INTO ABBONAMENTO VALUES ('0104', 'RRPKNA47K64A454I', '14/12/2018', '14/12/2019');
INSERT INTO ABBONAMENTO VALUES ('0105', 'EEAQHT49L26J228X', '15/12/2018', '15/12/2019');


--POPOLAMENTO CORSO

INSERT INTO CORSO VALUES ('DOKWIA13R15P994B','80144','AEROBICA','16/07/2018','15/07/2019','08');
INSERT INTO CORSO VALUES ('DOKWIA13R15P994B','80144','PILATES','19/07/2018','15/07/2019','10');
INSERT INTO CORSO VALUES ('JHKSGQ83S05D455J','80144','ZUMBA','18/07/2018','15/07/2019','16');
INSERT INTO CORSO VALUES ('JHKSGQ83S05D455J','80144','KARATE','17/07/2018','15/07/2019','18');
INSERT INTO CORSO VALUES ('XPKQMJ90D67H047X','80144','TOTAL BODY','17/07/2018','15/07/2019','08');
INSERT INTO CORSO VALUES ('XPKQMJ90D67H047X','80144','YOGA','18/07/2018','15/07/2019','10');
INSERT INTO CORSO VALUES ('HAVEKN72V54A537M','80144','CROSSFIT','16/07/2018','15/07/2019','16');
INSERT INTO CORSO VALUES ('HAVEKN72V54A537M','80144','FIT BOXE','16/07/2018','15/07/2019','18');
INSERT INTO CORSO VALUES ('DNZXOC14C04L989E','80053','AEROBICA','16/07/2018','15/07/2019','08');
INSERT INTO CORSO VALUES ('DNZXOC14C04L989E','80053','PILATES','19/07/2018','15/07/2019','10');
INSERT INTO CORSO VALUES ('RWMULV46D82C327V','80053','ZUMBA','18/07/2018','15/07/2019','16');
INSERT INTO CORSO VALUES ('RWMULV46D82C327V','80053','FIT BOXE','16/07/2018','15/07/2019','18');
INSERT INTO CORSO VALUES ('APVJKM81T10J191V','80053','KARATE','17/07/2018','15/07/2019','18');
INSERT INTO CORSO VALUES ('APVJKM81T10J191V','80053','TOTAL BODY','17/07/2018','15/07/2019','10');
INSERT INTO CORSO VALUES ('RWMULV46D82C327V','80053','YOGA','18/07/2018','15/07/2019','16');
INSERT INTO CORSO VALUES ('RWMULV46D82C327V','80053','CROSSFIT','16/07/2018','15/07/2019','18');
INSERT INTO CORSO VALUES ('YNAVDC04T09B897H','20156','AEROBICA','16/07/2018','15/07/2019','08');
INSERT INTO CORSO VALUES ('YNAVDC04T09B897H','20156','PILATES','19/07/2018','15/07/2019','10');
INSERT INTO CORSO VALUES ('TUMLPD88X61G115W','20156','ZUMBA','18/07/2018','15/07/2019','16');
INSERT INTO CORSO VALUES ('TUMLPD88X61G115W','20156','FIT BOXE','16/07/2018','15/07/2019','18');
INSERT INTO CORSO VALUES ('AKDZCT42H20V702G','20156','KARATE','17/07/2018','15/07/2019','18');
INSERT INTO CORSO VALUES ('AKDZCT42H20V702G','20156','TOTAL BODY','17/07/2018','15/07/2019','10');
INSERT INTO CORSO VALUES ('TUMLPD88X61G115W','20156','YOGA','18/07/2018','15/07/2019','16');
INSERT INTO CORSO VALUES ('TUMLPD88X61G115W','20156','CROSSFIT','16/07/2018','15/07/2019','18');
INSERT INTO CORSO VALUES ('NIDGYC56V10P953I','20138','AEROBICA','16/07/2018','15/07/2019','08');
INSERT INTO CORSO VALUES ('NIDGYC56V10P953I','20138','PILATES','19/07/2018','15/07/2019','10');
INSERT INTO CORSO VALUES ('EAPWRB22P77L607X','20138','ZUMBA','18/07/2018','15/07/2019','16');
INSERT INTO CORSO VALUES ('EAPWRB22P77L607X','20138','FIT BOXE','16/07/2018','15/07/2019','18');
INSERT INTO CORSO VALUES ('KDPFAO60P32T846I','20138','KARATE','17/07/2018','15/07/2019','18');
INSERT INTO CORSO VALUES ('KDPFAO60P32T846I','20138','TOTAL BODY','17/07/2018','15/07/2019','10');
INSERT INTO CORSO VALUES ('EAPWRB22P77L607X','20138','YOGA','18/07/2018','15/07/2019','16');
INSERT INTO CORSO VALUES ('EAPWRB22P77L607X','20138','CROSSFIT','16/07/2018','15/07/2019','18');
INSERT INTO CORSO VALUES ('GQVRLB24U11X980D','70100','AEROBICA','16/07/2018','15/07/2019','08');
INSERT INTO CORSO VALUES ('GQVRLB24U11X980D','70100','PILATES','19/07/2018','15/07/2019','10');
INSERT INTO CORSO VALUES ('CJKZGU71R40Z530T','70100','ZUMBA','18/07/2018','15/07/2019','16');
INSERT INTO CORSO VALUES ('CJKZGU71R40Z530T','70100','FIT BOXE','16/07/2018','15/07/2019','18');
INSERT INTO CORSO VALUES ('KYFLAM82X62J244F','70100','KARATE','17/07/2018','15/07/2019','18');
INSERT INTO CORSO VALUES ('KYFLAM82X62J244F','70100','TOTAL BODY','17/07/2018','15/07/2019','10');
INSERT INTO CORSO VALUES ('CJKZGU71R40Z530T','70100','YOGA','18/07/2018','15/07/2019','16');
INSERT INTO CORSO VALUES ('CJKZGU71R40Z530T','70100','CROSSFIT','16/07/2018','15/07/2019','18');
INSERT INTO CORSO VALUES ('UKAWHC26R15U249J','10121','AEROBICA','16/07/2018','15/07/2019','08');
INSERT INTO CORSO VALUES ('UKAWHC26R15U249J','10121','PILATES','19/07/2018','15/07/2019','10');
INSERT INTO CORSO VALUES ('ISQNCR10C58W909P','10121','ZUMBA','18/07/2018','15/07/2019','16');
INSERT INTO CORSO VALUES ('ISQNCR10C58W909P','10121','FIT BOXE','16/07/2018','15/07/2019','18');
INSERT INTO CORSO VALUES ('WCGUPS24L89O347C','10121','KARATE','17/07/2018','15/07/2019','18');
INSERT INTO CORSO VALUES ('WCGUPS24L89O347C','10121','TOTAL BODY','17/07/2018','15/07/2019','10');
INSERT INTO CORSO VALUES ('ISQNCR10C58W909P','10121','YOGA','18/07/2018','15/07/2019','16');
INSERT INTO CORSO VALUES ('ISQNCR10C58W909P','10121','CROSSFIT','16/07/2018','15/07/2019','18');         
INSERT INTO CORSO VALUES ('DKRJPQ81B64Z105T','80010','AEROBICA','16/07/2018','15/07/2019','08');
INSERT INTO CORSO VALUES ('XVQTPR43N01V989J','80010','ZUMBA','18/07/2018','15/07/2019','16');
INSERT INTO CORSO VALUES ('FJKESR63W58A370N','80010','KARATE','17/07/2018','15/07/2019','18');
INSERT INTO CORSO VALUES ('IACBXU62H93H161V','80010','YOGA','18/07/2018','15/07/2019','16');
INSERT INTO CORSO VALUES ('IACBXU62H93H161V','80010','CROSSFIT','16/07/2018','15/07/2019','18');
INSERT INTO CORSO VALUES ('ZATGPB51N79U355L','80010','PILATES','19/07/2018','15/07/2019','11');
INSERT INTO CORSO VALUES ('YDHNFL14Z53M192J','80010','FIT BOXE','16/07/2018','15/07/2019','18');
INSERT INTO CORSO VALUES ('XRVELU23K10J039P','80010','TOTAL BODY','17/07/2018','15/07/2019','11');
INSERT INTO CORSO VALUES ('ZBHOXV85W05V564L','00010','AEROBICA','16/07/2018','15/07/2019','08');
INSERT INTO CORSO VALUES ('HGDREQ86Z85D099A','00010','ZUMBA','18/07/2018','15/07/2019','16');
INSERT INTO CORSO VALUES ('GWTRBL76M01E738Y','00010','KARATE','17/07/2018','15/07/2019','18');
INSERT INTO CORSO VALUES ('KJRLEU36B62Q966L','00010','YOGA','18/07/2018','15/07/2019','16');
INSERT INTO CORSO VALUES ('TDIGLB63A38M980C','00010','PILATES','19/07/2018','15/07/2019','11');
INSERT INTO CORSO VALUES ('EAKXQF14Q29H490J','00010','FIT BOXE','16/07/2018','15/07/2019','18');
INSERT INTO CORSO VALUES ('ATJKZG85T01Y429J','00010','TOTAL BODY','17/07/2018','15/07/2019','11');
INSERT INTO CORSO VALUES ('VJZSTY66A25N845I','00010','CROSSFIT','16/07/2018','15/07/2019','18');
INSERT INTO CORSO VALUES ('HSWQDY89F89C599Q','81010','AEROBICA','16/07/2018','15/07/2019','08');
INSERT INTO CORSO VALUES ('HSWQDY89F89C599Q','81010','PILATES','19/07/2018','15/07/2019','10');
INSERT INTO CORSO VALUES ('JGANDL90S24C290L','81010','ZUMBA','18/07/2018','15/07/2019','16');
INSERT INTO CORSO VALUES ('JGANDL90S24C290L','81010','FIT BOXE','16/07/2018','15/07/2019','18');
INSERT INTO CORSO VALUES ('JCGSYR91O07N922G','81010','KARATE','17/07/2018','15/07/2019','18');
INSERT INTO CORSO VALUES ('JCGSYR91O07N922G','81010','TOTAL BODY','17/07/2018','15/07/2019','10');
INSERT INTO CORSO VALUES ('ISKAHO57X14Y659V','81010','YOGA','18/07/2018','15/07/2019','16');
INSERT INTO CORSO VALUES ('ISKAHO57X14Y659V','81010','CROSSFIT','16/07/2018','15/07/2019' ,'18');

-- POPOLAMENTO PREVEDE

INSERT INTO PREVEDE VALUES ('0001','80144','AEROBICA'	);
INSERT INTO PREVEDE VALUES ('0001','80144','FIT BOXE'	);    
INSERT INTO PREVEDE VALUES ('0002','80144','FIT BOXE'	);
INSERT INTO PREVEDE VALUES ('0003','80144','YOGA'		); 
INSERT INTO PREVEDE VALUES ('0003','80144','CROSSFIT'	);  
INSERT INTO PREVEDE VALUES ('0004','80053','AEROBICA'	);  
INSERT INTO PREVEDE VALUES ('0005','80053','ZUMBA'		);   
INSERT INTO PREVEDE VALUES ('0005','80053','TOTAL BODY'	);
INSERT INTO PREVEDE VALUES ('0006','80053','FIT BOXE'	);
INSERT INTO PREVEDE VALUES ('0006','80053','CROSSFIT'	); 
INSERT INTO PREVEDE VALUES ('0007','20156','AEROBICA'	);
INSERT INTO PREVEDE VALUES ('0008','20156','ZUMBA'		);  
INSERT INTO PREVEDE VALUES ('0009','20156','FIT BOXE'	);  
INSERT INTO PREVEDE VALUES ('0009','20156','KARATE'		); 
INSERT INTO PREVEDE VALUES ('0010','20156','TOTAL BODY'	);
INSERT INTO PREVEDE VALUES ('0011','20156','YOGA'		);
INSERT INTO PREVEDE VALUES ('0012','20138','CROSSFIT'	);  
INSERT INTO PREVEDE VALUES ('0012','20138','AEROBICA'	);  
INSERT INTO PREVEDE VALUES ('0013','20138','ZUMBA'		);  
INSERT INTO PREVEDE VALUES ('0014','20138','FIT BOXE'	);   
INSERT INTO PREVEDE VALUES ('0015','20138','TOTAL BODY'	);
INSERT INTO PREVEDE VALUES ('0015','20138','YOGA'		);
INSERT INTO PREVEDE VALUES ('0016','20138','CROSSFIT'	);  
INSERT INTO PREVEDE VALUES ('0017','70100','AEROBICA'	);  
INSERT INTO PREVEDE VALUES ('0018','70100','ZUMBA'		);  
INSERT INTO PREVEDE VALUES ('0019','70100','FIT BOXE'	);  
INSERT INTO PREVEDE VALUES ('0020','70100','KARATE'		); 
INSERT INTO PREVEDE VALUES ('0020','70100','TOTAL BODY'	);
INSERT INTO PREVEDE VALUES ('0021','70100','YOGA'		);
INSERT INTO PREVEDE VALUES ('0022','70100','CROSSFIT'	);  
INSERT INTO PREVEDE VALUES ('0023','10121','AEROBICA'	);   
INSERT INTO PREVEDE VALUES ('0024','10121','FIT BOXE'	); 
INSERT INTO PREVEDE VALUES ('0025','10121','KARATE'		); 
INSERT INTO PREVEDE VALUES ('0026','10121','TOTAL BODY'	);
INSERT INTO PREVEDE VALUES ('0026','10121','YOGA'		); 
INSERT INTO PREVEDE VALUES ('0027','80010','AEROBICA'	);
INSERT INTO PREVEDE VALUES ('0029','80010','ZUMBA'		);  
INSERT INTO PREVEDE VALUES ('0029','80010','FIT BOXE'	);  
INSERT INTO PREVEDE VALUES ('0030','80010','KARATE'		); 
INSERT INTO PREVEDE VALUES ('0031','80010','TOTAL BODY'	);
INSERT INTO PREVEDE VALUES ('0032','80010','YOGA'		);
INSERT INTO PREVEDE VALUES ('0032','80010','FIT BOXE'	); 
INSERT INTO PREVEDE VALUES ('0034','00010','AEROBICA'	); 
INSERT INTO PREVEDE VALUES ('0034','00010','ZUMBA'		);   
INSERT INTO PREVEDE VALUES ('0035','00010','FIT BOXE'	);  
INSERT INTO PREVEDE VALUES ('0035','00010','KARATE'		); 
INSERT INTO PREVEDE VALUES ('0036','00010','TOTAL BODY'	);
INSERT INTO PREVEDE VALUES ('0036','00010','YOGA'		);
INSERT INTO PREVEDE VALUES ('0037','00010','FIT BOXE'	);   
INSERT INTO PREVEDE VALUES ('0038','81010','AEROBICA'	); 
INSERT INTO PREVEDE VALUES ('0039','81010','ZUMBA'		);  
INSERT INTO PREVEDE VALUES ('0039','81010','FIT BOXE'	);  
INSERT INTO PREVEDE VALUES ('0040','81010','KARATE'		); 
INSERT INTO PREVEDE VALUES ('0040','81010','TOTAL BODY'	);
INSERT INTO PREVEDE VALUES ('0041','81010','YOGA'		);     
INSERT INTO PREVEDE VALUES ('0042','80144','FIT BOXE'	);  
INSERT INTO PREVEDE VALUES ('0042','80144','AEROBICA'	); 
INSERT INTO PREVEDE VALUES ('0043','80144','ZUMBA'		);  
INSERT INTO PREVEDE VALUES ('0044','80144','FIT BOXE'	);  
INSERT INTO PREVEDE VALUES ('0045','80144','KARATE'		);	 
INSERT INTO PREVEDE VALUES ('0045','80144','TOTAL BODY'	);
INSERT INTO PREVEDE VALUES ('0046','80144','YOGA'		);
INSERT INTO PREVEDE VALUES ('0046','80144','CROSSFIT'	);  
INSERT INTO PREVEDE VALUES ('0047','80053','AEROBICA'	); 
INSERT INTO PREVEDE VALUES ('0048','80053','TOTAL BODY'	);
INSERT INTO PREVEDE VALUES ('0049','80053','FIT BOXE'	);
INSERT INTO PREVEDE VALUES ('0049','80053','KARATE'		); 
INSERT INTO PREVEDE VALUES ('0050','80053','TOTAL BODY'	);
INSERT INTO PREVEDE VALUES ('0051','80053','YOGA'		);
INSERT INTO PREVEDE VALUES ('0052','80053','CROSSFIT'	); 
INSERT INTO PREVEDE VALUES ('0052','80053','AEROBICA'	); 
INSERT INTO PREVEDE VALUES ('0053','20156','ZUMBA'		);  
INSERT INTO PREVEDE VALUES ('0054','20156','FIT BOXE'	);  
INSERT INTO PREVEDE VALUES ('0055','20156','TOTAL BODY'	); 
INSERT INTO PREVEDE VALUES ('0056','20156','TOTAL BODY'	);
INSERT INTO PREVEDE VALUES ('0056','20156','YOGA'		);
INSERT INTO PREVEDE VALUES ('0057','20156','CROSSFIT'	);  
INSERT INTO PREVEDE VALUES ('0057','20156','AEROBICA'	); 
INSERT INTO PREVEDE VALUES ('0058','20138','ZUMBA'		);  
INSERT INTO PREVEDE VALUES ('0059','20138','FIT BOXE'	);  
INSERT INTO PREVEDE VALUES ('0060','20138','KARATE'		); 
INSERT INTO PREVEDE VALUES ('0060','20138','TOTAL BODY'	);
INSERT INTO PREVEDE VALUES ('0061','20138','YOGA'		); 
INSERT INTO PREVEDE VALUES ('0062','20138','CROSSFIT'	); 
INSERT INTO PREVEDE VALUES ('0062','20138','AEROBICA'	);  
INSERT INTO PREVEDE VALUES ('0063','70100','TOTAL BODY'	);
INSERT INTO PREVEDE VALUES ('0064','70100','ZUMBA'		);   
INSERT INTO PREVEDE VALUES ('0065','70100','FIT BOXE'	);
INSERT INTO PREVEDE VALUES ('0065','70100','KARATE'		); 
INSERT INTO PREVEDE VALUES ('0066','70100','TOTAL BODY'	);
INSERT INTO PREVEDE VALUES ('0067','70100','YOGA'		); 
INSERT INTO PREVEDE VALUES ('0068','70100','CROSSFIT'	); 
INSERT INTO PREVEDE VALUES ('0069','10121','AEROBICA'	);   
INSERT INTO PREVEDE VALUES ('0070','10121','ZUMBA'		);     
INSERT INTO PREVEDE VALUES ('0071','10121','FIT BOXE'	);  
INSERT INTO PREVEDE VALUES ('0072','10121','KARATE'		);
INSERT INTO PREVEDE VALUES ('0073','10121','TOTAL BODY'	);
INSERT INTO PREVEDE VALUES ('0073','10121','YOGA'		); 
INSERT INTO PREVEDE VALUES ('0074','10121','CROSSFIT'	); 
INSERT INTO PREVEDE VALUES ('0074','80010','AEROBICA'	);    
INSERT INTO PREVEDE VALUES ('0076','80010','ZUMBA'		); 
INSERT INTO PREVEDE VALUES ('0076','80010','FIT BOXE'	);  
INSERT INTO PREVEDE VALUES ('0077','80010','KARATE'		);
INSERT INTO PREVEDE VALUES ('0078','80010','TOTAL BODY'	);
INSERT INTO PREVEDE VALUES ('0078','80010','YOGA'		); 
INSERT INTO PREVEDE VALUES ('0079','80010','CROSSFIT'	); 
INSERT INTO PREVEDE VALUES ('0080','00010','AEROBICA'	);   
INSERT INTO PREVEDE VALUES ('0081','00010','ZUMBA'		); 
INSERT INTO PREVEDE VALUES ('0082','00010','FIT BOXE'	);  
INSERT INTO PREVEDE VALUES ('0083','00010','TOTAL BODY'	);
INSERT INTO PREVEDE VALUES ('0084','00010','YOGA'		); 
INSERT INTO PREVEDE VALUES ('0085','00010','CROSSFIT'	); 
INSERT INTO PREVEDE VALUES ('0086','81010','AEROBICA'	);
INSERT INTO PREVEDE VALUES ('0086','81010','TOTAL BODY'	);
INSERT INTO PREVEDE VALUES ('0087','81010','ZUMBA'		); 
INSERT INTO PREVEDE VALUES ('0088','81010','FIT BOXE'	);  
INSERT INTO PREVEDE VALUES ('0088','81010','KARATE'		);
INSERT INTO PREVEDE VALUES ('0089','81010','TOTAL BODY'	);
INSERT INTO PREVEDE VALUES ('0090','81010','YOGA'		); 
INSERT INTO PREVEDE VALUES ('0091','81010','CROSSFIT'	); 
INSERT INTO PREVEDE VALUES ('0091','81010','AEROBICA'	);   
INSERT INTO PREVEDE VALUES ('0093','80010','ZUMBA'		);  
INSERT INTO PREVEDE VALUES ('0093','80010','FIT BOXE'	);  
INSERT INTO PREVEDE VALUES ('0094','80010','KARATE'		);
INSERT INTO PREVEDE VALUES ('0095','80010','TOTAL BODY'	);
INSERT INTO PREVEDE VALUES ('0096','80010','YOGA'		);
INSERT INTO PREVEDE VALUES ('0096','80010','TOTAL BODY'	);
INSERT INTO PREVEDE VALUES ('0097','80010','AEROBICA'	);    
INSERT INTO PREVEDE VALUES ('0098','00010','ZUMBA'		); 
INSERT INTO PREVEDE VALUES ('0099','00010','FIT BOXE'	);  
INSERT INTO PREVEDE VALUES ('0100','00010','KARATE'		);
INSERT INTO PREVEDE VALUES ('0101','00010','TOTAL BODY'	);
INSERT INTO PREVEDE VALUES ('0101','00010','YOGA'		); 
INSERT INTO PREVEDE VALUES ('0102','00010','CROSSFIT'	);
INSERT INTO PREVEDE VALUES ('0102','00010','TOTAL BODY'	);
INSERT INTO PREVEDE VALUES ('0103','00010','KARATE'		);
INSERT INTO PREVEDE VALUES ('0104','00010','TOTAL BODY'	);
INSERT INTO PREVEDE VALUES ('0105','00010','YOGA'		); 
INSERT INTO PREVEDE VALUES ('0105','00010','CROSSFIT'	);


--POPOLAMENTO LEZIONE
 
INSERT INTO LEZIONE VALUES ('80144','AEROBICA'		,'16/07/2018','08','10',1);
INSERT INTO LEZIONE VALUES ('80144','AEROBICA'		,'18/07/2018','08','10',1);
INSERT INTO LEZIONE VALUES ('80144','AEROBICA'		,'20/07/2018','08','10',1);
INSERT INTO LEZIONE VALUES ('80144','PILATES'		,'19/07/2018','10','12',3); 
INSERT INTO LEZIONE VALUES ('80144','FIT BOXE'		,'16/07/2018','18','20',1);
INSERT INTO LEZIONE VALUES ('80144','FIT BOXE'		,'18/07/2018','18','20',1); 
INSERT INTO LEZIONE VALUES ('80144','FIT BOXE'		,'20/07/2018','18','20',1);  
INSERT INTO LEZIONE VALUES ('80144','ZUMBA'   		,'18/07/2018','16','18',2);
INSERT INTO LEZIONE VALUES ('80144','KARATE'		,'17/07/2018','18','20',3);
INSERT INTO LEZIONE VALUES ('80144','KARATE'		,'19/07/2018','18','20',3);
INSERT INTO LEZIONE VALUES ('80144','TOTAL BODY'	,'17/07/2018','08','10',1);
INSERT INTO LEZIONE VALUES ('80144','TOTAL BODY'	,'19/07/2018','08','10',1);
INSERT INTO LEZIONE VALUES ('80144','YOGA'			,'18/07/2018','10','12',2);
INSERT INTO LEZIONE VALUES ('80144','CROSSFIT'		,'16/07/2018','16','18',2);
INSERT INTO LEZIONE VALUES ('80144','CROSSFIT'		,'19/07/2018','16','18',2);
INSERT INTO LEZIONE VALUES ('80053','AEROBICA'		,'16/07/2018','08','10',1);
INSERT INTO LEZIONE VALUES ('80053','AEROBICA'		,'18/07/2018','08','10',1);
INSERT INTO LEZIONE VALUES ('80053','AEROBICA'		,'20/07/2018','08','10',1);
INSERT INTO LEZIONE VALUES ('80053','PILATES'		,'19/07/2018','10','12',3); 
INSERT INTO LEZIONE VALUES ('80053','ZUMBA'   		,'18/07/2018','16','18',2);
INSERT INTO LEZIONE VALUES ('80053','FIT BOXE'		,'16/07/2018','18','20',1);
INSERT INTO LEZIONE VALUES ('80053','FIT BOXE'		,'18/07/2018','18','20',1); 
INSERT INTO LEZIONE VALUES ('80053','FIT BOXE'		,'20/07/2018','18','20',1);
INSERT INTO LEZIONE VALUES ('80053','KARATE'		,'17/07/2018','18','20',3);
INSERT INTO LEZIONE VALUES ('80053','KARATE'		,'19/07/2018','18','20',3); 
INSERT INTO LEZIONE VALUES ('80053','TOTAL BODY'	,'17/07/2018','08','10',1);
INSERT INTO LEZIONE VALUES ('80053','TOTAL BODY'	,'19/07/2018','08','10',1);
INSERT INTO LEZIONE VALUES ('80053','YOGA'			,'18/07/2018','10','12',2);
INSERT INTO LEZIONE VALUES ('80053','CROSSFIT'		,'16/07/2018','16','18',2);
INSERT INTO LEZIONE VALUES ('80053','CROSSFIT'		,'19/07/2018','16','18',2);
INSERT INTO LEZIONE VALUES ('20156','AEROBICA'		,'16/07/2018','08','10',1);
INSERT INTO LEZIONE VALUES ('20156','AEROBICA'		,'18/07/2018','08','10',1);
INSERT INTO LEZIONE VALUES ('20156','AEROBICA'		,'20/07/2018','08','10',1);
INSERT INTO LEZIONE VALUES ('20156','PILATES'		,'19/07/2018','10','12',3); 
INSERT INTO LEZIONE VALUES ('20156','ZUMBA'   		,'18/07/2018','16','18',2); 
INSERT INTO LEZIONE VALUES ('20156','FIT BOXE'		,'16/07/2018','18','20',1);
INSERT INTO LEZIONE VALUES ('20156','FIT BOXE'		,'18/07/2018','18','20',1); 
INSERT INTO LEZIONE VALUES ('20156','FIT BOXE'		,'20/07/2018','18','20',1);
INSERT INTO LEZIONE VALUES ('20156','KARATE'		,'17/07/2018','18','20',3);
INSERT INTO LEZIONE VALUES ('20156','KARATE'		,'19/07/2018','18','20',3);
INSERT INTO LEZIONE VALUES ('20156','TOTAL BODY'	,'17/07/2018','08','10',1);
INSERT INTO LEZIONE VALUES ('20156','TOTAL BODY'	,'19/07/2018','08','10',1);
INSERT INTO LEZIONE VALUES ('20156','YOGA'			,'18/07/2018','10','12',2);
INSERT INTO LEZIONE VALUES ('20156','CROSSFIT'		,'16/07/2018','16','18',2);
INSERT INTO LEZIONE VALUES ('20156','CROSSFIT'		,'19/07/2018','16','18',2); 
INSERT INTO LEZIONE VALUES ('20138','AEROBICA'		,'16/07/2018','08','10',1);
INSERT INTO LEZIONE VALUES ('20138','AEROBICA'		,'18/07/2018','08','10',1);
INSERT INTO LEZIONE VALUES ('20138','AEROBICA'		,'20/07/2018','08','10',1);
INSERT INTO LEZIONE VALUES ('20138','PILATES'		,'19/07/2018','10','12',3); 
INSERT INTO LEZIONE VALUES ('20138','KARATE'		,'17/07/2018','18','20',3);
INSERT INTO LEZIONE VALUES ('20138','KARATE'		,'19/07/2018','18','20',3);
INSERT INTO LEZIONE VALUES ('20138','ZUMBA'   		,'18/07/2018','16','18',2);
INSERT INTO LEZIONE VALUES ('20138','FIT BOXE'		,'16/07/2018','18','20',1);
INSERT INTO LEZIONE VALUES ('20138','FIT BOXE'		,'18/07/2018','18','20',1); 
INSERT INTO LEZIONE VALUES ('20138','FIT BOXE'		,'20/07/2018','18','20',1);
INSERT INTO LEZIONE VALUES ('20138','TOTAL BODY'	,'17/07/2018','08','10',1);
INSERT INTO LEZIONE VALUES ('20138','TOTAL BODY'	,'19/07/2018','08','10',1);
INSERT INTO LEZIONE VALUES ('20138','YOGA'			,'18/07/2018','10','12',2);
INSERT INTO LEZIONE VALUES ('20138','CROSSFIT'		,'16/07/2018','16','18',2);
INSERT INTO LEZIONE VALUES ('20138','CROSSFIT'		,'19/07/2018','16','18',2);  
INSERT INTO LEZIONE VALUES ('70100','AEROBICA'		,'16/07/2018','08','10',1);
INSERT INTO LEZIONE VALUES ('70100','AEROBICA'		,'18/07/2018','08','10',1);
INSERT INTO LEZIONE VALUES ('70100','AEROBICA'		,'20/07/2018','08','10',1);
INSERT INTO LEZIONE VALUES ('70100','PILATES'		,'19/07/2018','10','12',3); 
INSERT INTO LEZIONE VALUES ('70100','ZUMBA'   		,'18/07/2018','16','18',2); 
INSERT INTO LEZIONE VALUES ('70100','FIT BOXE'		,'16/07/2018','18','20',1);
INSERT INTO LEZIONE VALUES ('70100','FIT BOXE'		,'18/07/2018','18','20',1); 
INSERT INTO LEZIONE VALUES ('70100','FIT BOXE'		,'20/07/2018','18','20',1); 
INSERT INTO LEZIONE VALUES ('70100','KARATE'		,'17/07/2018','18','20',3);
INSERT INTO LEZIONE VALUES ('70100','KARATE'		,'19/07/2018','18','20',3);
INSERT INTO LEZIONE VALUES ('70100','TOTAL BODY'	,'17/07/2018','08','10',1);
INSERT INTO LEZIONE VALUES ('70100','TOTAL BODY'	,'19/07/2018','08','10',1);
INSERT INTO LEZIONE VALUES ('70100','YOGA'			,'18/07/2018','10','12',2);
INSERT INTO LEZIONE VALUES ('70100','CROSSFIT'		,'16/07/2018','16','18',2);
INSERT INTO LEZIONE VALUES ('70100','CROSSFIT'		,'19/07/2018','16','18',2);
INSERT INTO LEZIONE VALUES ('10121','AEROBICA'		,'16/07/2018','08','10',1);
INSERT INTO LEZIONE VALUES ('10121','AEROBICA'		,'18/07/2018','08','10',1);
INSERT INTO LEZIONE VALUES ('10121','AEROBICA'		,'20/07/2018','08','10',1); 
INSERT INTO LEZIONE VALUES ('10121','PILATES'		,'19/07/2018','10','12',3);
INSERT INTO LEZIONE VALUES ('10121','ZUMBA'   		,'18/07/2018','16','18',2); 
INSERT INTO LEZIONE VALUES ('10121','FIT BOXE'		,'16/07/2018','18','20',1);
INSERT INTO LEZIONE VALUES ('10121','FIT BOXE'		,'18/07/2018','18','20',1); 
INSERT INTO LEZIONE VALUES ('10121','FIT BOXE'		,'20/07/2018','18','20',1); 
INSERT INTO LEZIONE VALUES ('10121','KARATE'		,'17/07/2018','18','20',3); 
INSERT INTO LEZIONE VALUES ('10121','KARATE'		,'19/07/2018','18','20',3); 
INSERT INTO LEZIONE VALUES ('10121','TOTAL BODY'	,'17/07/2018','08','10',1);
INSERT INTO LEZIONE VALUES ('10121','TOTAL BODY'	,'19/07/2018','08','10',1);
INSERT INTO LEZIONE VALUES ('10121','YOGA'			,'18/07/2018','10','12',2);
INSERT INTO LEZIONE VALUES ('10121','CROSSFIT'		,'16/07/2018','16','18',2);
INSERT INTO LEZIONE VALUES ('10121','CROSSFIT'		,'19/07/2018','16','18',2); 
INSERT INTO LEZIONE VALUES ('80010','AEROBICA'		,'16/07/2018','08','10',1);
INSERT INTO LEZIONE VALUES ('80010','AEROBICA'		,'18/07/2018','08','10',1);
INSERT INTO LEZIONE VALUES ('80010','AEROBICA'		,'20/07/2018','08','10',1);
INSERT INTO LEZIONE VALUES ('80010','PILATES'		,'19/07/2018','10','12',3); 
INSERT INTO LEZIONE VALUES ('80010','ZUMBA'   		,'18/07/2018','16','18',2);
INSERT INTO LEZIONE VALUES ('80010','FIT BOXE'		,'16/07/2018','18','20',1);
INSERT INTO LEZIONE VALUES ('80010','FIT BOXE'		,'18/07/2018','18','20',1); 
INSERT INTO LEZIONE VALUES ('80010','FIT BOXE'		,'20/07/2018','18','20',1);  
INSERT INTO LEZIONE VALUES ('80010','KARATE'		,'17/07/2018','18','20',3); 
INSERT INTO LEZIONE VALUES ('80010','KARATE'		,'19/07/2018','18','20',3); 
INSERT INTO LEZIONE VALUES ('80010','TOTAL BODY'	,'17/07/2018','08','10',1);
INSERT INTO LEZIONE VALUES ('80010','TOTAL BODY'	,'19/07/2018','08','10',1);
INSERT INTO LEZIONE VALUES ('80010','YOGA'			,'18/07/2018','10','12',2);
INSERT INTO LEZIONE VALUES ('80010','CROSSFIT'		,'16/07/2018','16','18',2);
INSERT INTO LEZIONE VALUES ('80010','CROSSFIT'		,'19/07/2018','16','18',2); 
INSERT INTO LEZIONE VALUES ('00010','AEROBICA'		,'16/07/2018','08','10',1);
INSERT INTO LEZIONE VALUES ('00010','AEROBICA'		,'18/07/2018','08','10',1);
INSERT INTO LEZIONE VALUES ('00010','AEROBICA'		,'20/07/2018','08','10',1); 
INSERT INTO LEZIONE VALUES ('00010','PILATES'		,'19/07/2018','10','12',3); 
INSERT INTO LEZIONE VALUES ('00010','ZUMBA'   		,'18/07/2018','16','18',2); 
INSERT INTO LEZIONE VALUES ('00010','FIT BOXE'		,'16/07/2018','18','20',1);
INSERT INTO LEZIONE VALUES ('00010','FIT BOXE'		,'18/07/2018','18','20',1); 
INSERT INTO LEZIONE VALUES ('00010','FIT BOXE'		,'20/07/2018','18','20',1);  
INSERT INTO LEZIONE VALUES ('00010','KARATE'		,'17/07/2018','18','20',3); 
INSERT INTO LEZIONE VALUES ('00010','KARATE'		,'19/07/2018','18','20',3); 
INSERT INTO LEZIONE VALUES ('00010','TOTAL BODY'	,'17/07/2018','08','10',1);
INSERT INTO LEZIONE VALUES ('00010','TOTAL BODY'	,'19/07/2018','08','10',1);
INSERT INTO LEZIONE VALUES ('00010','YOGA'			,'18/07/2018','10','12',2);
INSERT INTO LEZIONE VALUES ('00010','CROSSFIT'		,'16/07/2018','16','18',2);
INSERT INTO LEZIONE VALUES ('00010','CROSSFIT'		,'19/07/2018','16','18',2);  
INSERT INTO LEZIONE VALUES ('81010','AEROBICA'		,'16/07/2018','08','10',1);
INSERT INTO LEZIONE VALUES ('81010','AEROBICA'		,'18/07/2018','08','10',1);
INSERT INTO LEZIONE VALUES ('81010','AEROBICA'		,'20/07/2018','08','10',1); 
INSERT INTO LEZIONE VALUES ('81010','PILATES'		,'19/07/2018','10','12',3); 
INSERT INTO LEZIONE VALUES ('81010','ZUMBA'   		,'18/07/2018','16','18',2);
INSERT INTO LEZIONE VALUES ('81010','FIT BOXE'		,'16/07/2018','18','20',1);
INSERT INTO LEZIONE VALUES ('81010','FIT BOXE'		,'18/07/2018','18','20',1); 
INSERT INTO LEZIONE VALUES ('81010','FIT BOXE'		,'20/07/2018','18','20',1); 
INSERT INTO LEZIONE VALUES ('81010','KARATE'		,'17/07/2018','18','20',3);
INSERT INTO LEZIONE VALUES ('81010','KARATE'		,'19/07/2018','18','20',3);
INSERT INTO LEZIONE VALUES ('81010','TOTAL BODY'	,'17/07/2018','08','10',1);
INSERT INTO LEZIONE VALUES ('81010','TOTAL BODY'	,'19/07/2018','08','10',1);
INSERT INTO LEZIONE VALUES ('81010','YOGA'			,'18/07/2018','10','12',2);
INSERT INTO LEZIONE VALUES ('81010','CROSSFIT'		,'16/07/2018','16','18',2);
INSERT INTO LEZIONE VALUES ('81010','CROSSFIT'		,'19/07/2018','16','18',2); 


-- POPOLAMENTO GIORNI

INSERT INTO GIORNI VALUES  ('LUNEDI','80144','AEROBICA');
INSERT INTO GIORNI VALUES  ('MERCOLEDI','80144','AEROBICA');
INSERT INTO GIORNI VALUES  ('VENERDI','80144','AEROBICA');
INSERT INTO GIORNI VALUES  ('LUNEDI','80053','AEROBICA');
INSERT INTO GIORNI VALUES  ('MERCOLEDI','80053','AEROBICA');
INSERT INTO GIORNI VALUES  ('VENERDI','80053','AEROBICA');
INSERT INTO GIORNI VALUES  ('LUNEDI','20156','AEROBICA');
INSERT INTO GIORNI VALUES  ('MERCOLEDI','20156','AEROBICA');
INSERT INTO GIORNI VALUES  ('VENERDI','20156','AEROBICA');
INSERT INTO GIORNI VALUES  ('LUNEDI','20138','AEROBICA');
INSERT INTO GIORNI VALUES  ('MERCOLEDI','20138','AEROBICA');
INSERT INTO GIORNI VALUES  ('VENERDI','20138','AEROBICA');
INSERT INTO GIORNI VALUES  ('LUNEDI','70100','AEROBICA');
INSERT INTO GIORNI VALUES  ('MERCOLEDI','70100','AEROBICA');
INSERT INTO GIORNI VALUES  ('VENERDI','70100','AEROBICA');
INSERT INTO GIORNI VALUES  ('LUNEDI','10121','AEROBICA');
INSERT INTO GIORNI VALUES  ('MERCOLEDI','10121','AEROBICA');
INSERT INTO GIORNI VALUES  ('VENERDI','10121','AEROBICA');
INSERT INTO GIORNI VALUES  ('LUNEDI','80010','AEROBICA');
INSERT INTO GIORNI VALUES  ('MERCOLEDI','80010','AEROBICA');
INSERT INTO GIORNI VALUES  ('VENERDI','80010','AEROBICA');
INSERT INTO GIORNI VALUES  ('LUNEDI','00010','AEROBICA');
INSERT INTO GIORNI VALUES  ('MERCOLEDI','00010','AEROBICA');
INSERT INTO GIORNI VALUES  ('VENERDI','00010','AEROBICA');
INSERT INTO GIORNI VALUES  ('LUNEDI','81010','AEROBICA');
INSERT INTO GIORNI VALUES  ('MERCOLEDI','81010','AEROBICA');
INSERT INTO GIORNI VALUES  ('VENERDI','81010','AEROBICA');
INSERT INTO GIORNI VALUES  ('GIOVEDI','80144','PILATES');
INSERT INTO GIORNI VALUES  ('GIOVEDI','80053','PILATES');
INSERT INTO GIORNI VALUES  ('GIOVEDI','20156','PILATES');
INSERT INTO GIORNI VALUES  ('GIOVEDI','20138','PILATES');
INSERT INTO GIORNI VALUES  ('GIOVEDI','70100','PILATES');
INSERT INTO GIORNI VALUES  ('GIOVEDI','10121','PILATES');
INSERT INTO GIORNI VALUES  ('GIOVEDI','80010','PILATES');
INSERT INTO GIORNI VALUES  ('GIOVEDI','00010','PILATES');
INSERT INTO GIORNI VALUES  ('GIOVEDI','81010','PILATES');
INSERT INTO GIORNI VALUES  ('LUNEDI','80144','FIT BOXE');
INSERT INTO GIORNI VALUES  ('MERCOLEDI','80144','FIT BOXE');
INSERT INTO GIORNI VALUES  ('VENERDI','80144','FIT BOXE');
INSERT INTO GIORNI VALUES  ('LUNEDI','80053','FIT BOXE');
INSERT INTO GIORNI VALUES  ('MERCOLEDI','80053','FIT BOXE');
INSERT INTO GIORNI VALUES  ('VENERDI','80053','FIT BOXE');
INSERT INTO GIORNI VALUES  ('LUNEDI','20156','FIT BOXE');
INSERT INTO GIORNI VALUES  ('MERCOLEDI','20156','FIT BOXE');
INSERT INTO GIORNI VALUES  ('VENERDI','20156','FIT BOXE');
INSERT INTO GIORNI VALUES  ('LUNEDI','20138','FIT BOXE');
INSERT INTO GIORNI VALUES  ('MERCOLEDI','20138','FIT BOXE');
INSERT INTO GIORNI VALUES  ('VENERDI','20138','FIT BOXE');
INSERT INTO GIORNI VALUES  ('LUNEDI','70100','FIT BOXE');
INSERT INTO GIORNI VALUES  ('MERCOLEDI','70100','FIT BOXE');
INSERT INTO GIORNI VALUES  ('VENERDI','70100','FIT BOXE');
INSERT INTO GIORNI VALUES  ('LUNEDI','10121','FIT BOXE');
INSERT INTO GIORNI VALUES  ('MERCOLEDI','10121','FIT BOXE');
INSERT INTO GIORNI VALUES  ('VENERDI','10121','FIT BOXE');
INSERT INTO GIORNI VALUES  ('LUNEDI','80010','FIT BOXE');
INSERT INTO GIORNI VALUES  ('MERCOLEDI','80010','FIT BOXE');
INSERT INTO GIORNI VALUES  ('VENERDI','80010','FIT BOXE');
INSERT INTO GIORNI VALUES  ('LUNEDI','00010','FIT BOXE');
INSERT INTO GIORNI VALUES  ('MERCOLEDI','00010','FIT BOXE');
INSERT INTO GIORNI VALUES  ('VENERDI','00010','FIT BOXE');
INSERT INTO GIORNI VALUES  ('LUNEDI','81010','FIT BOXE');
INSERT INTO GIORNI VALUES  ('MERCOLEDI','81010','FIT BOXE');
INSERT INTO GIORNI VALUES  ('VENERDI','81010','FIT BOXE');
INSERT INTO GIORNI VALUES  ('MERCOLEDI','80144','ZUMBA');
INSERT INTO GIORNI VALUES  ('MERCOLEDI','80053','ZUMBA');
INSERT INTO GIORNI VALUES  ('MERCOLEDI','20156','ZUMBA');
INSERT INTO GIORNI VALUES  ('MERCOLEDI','20138','ZUMBA');
INSERT INTO GIORNI VALUES  ('MERCOLEDI','70100','ZUMBA');
INSERT INTO GIORNI VALUES  ('MERCOLEDI','10121','ZUMBA');
INSERT INTO GIORNI VALUES  ('MERCOLEDI','80010','ZUMBA');
INSERT INTO GIORNI VALUES  ('MERCOLEDI','00010','ZUMBA');
INSERT INTO GIORNI VALUES  ('MERCOLEDI','81010','ZUMBA');
INSERT INTO GIORNI VALUES  ('MERCOLEDI','80144','YOGA');
INSERT INTO GIORNI VALUES  ('MERCOLEDI','80053','YOGA');
INSERT INTO GIORNI VALUES  ('MERCOLEDI','20156','YOGA');
INSERT INTO GIORNI VALUES  ('MERCOLEDI','20138','YOGA');
INSERT INTO GIORNI VALUES  ('MERCOLEDI','70100','YOGA');
INSERT INTO GIORNI VALUES  ('MERCOLEDI','10121','YOGA');
INSERT INTO GIORNI VALUES  ('MERCOLEDI','80010','YOGA');
INSERT INTO GIORNI VALUES  ('MERCOLEDI','00010','YOGA');
INSERT INTO GIORNI VALUES  ('MERCOLEDI','81010','YOGA');
INSERT INTO GIORNI VALUES  ('MARTEDI','80144','KARATE');
INSERT INTO GIORNI VALUES  ('GIOVEDI','80144','KARATE');
INSERT INTO GIORNI VALUES  ('MARTEDI','80053','KARATE');
INSERT INTO GIORNI VALUES  ('GIOVEDI','80053','KARATE');
INSERT INTO GIORNI VALUES  ('MARTEDI','20156','KARATE');
INSERT INTO GIORNI VALUES  ('GIOVEDI','20156','KARATE');
INSERT INTO GIORNI VALUES  ('MARTEDI','20138','KARATE');
INSERT INTO GIORNI VALUES  ('GIOVEDI','20138','KARATE');
INSERT INTO GIORNI VALUES  ('MARTEDI','70100','KARATE');
INSERT INTO GIORNI VALUES  ('GIOVEDI','70100','KARATE');
INSERT INTO GIORNI VALUES  ('MARTEDI','10121','KARATE');
INSERT INTO GIORNI VALUES  ('GIOVEDI','10121','KARATE');
INSERT INTO GIORNI VALUES  ('MARTEDI','80010','KARATE');
INSERT INTO GIORNI VALUES  ('GIOVEDI','80010','KARATE');
INSERT INTO GIORNI VALUES  ('MARTEDI','00010','KARATE');
INSERT INTO GIORNI VALUES  ('GIOVEDI','00010','KARATE');
INSERT INTO GIORNI VALUES  ('MARTEDI','81010','KARATE');
INSERT INTO GIORNI VALUES  ('GIOVEDI','81010','KARATE');
INSERT INTO GIORNI VALUES  ('MARTEDI','80144','TOTAL BODY');
INSERT INTO GIORNI VALUES  ('GIOVEDI','80144','TOTAL BODY');
INSERT INTO GIORNI VALUES  ('MARTEDI','80053','TOTAL BODY');
INSERT INTO GIORNI VALUES  ('GIOVEDI','80053','TOTAL BODY');
INSERT INTO GIORNI VALUES  ('MARTEDI','20156','TOTAL BODY');
INSERT INTO GIORNI VALUES  ('GIOVEDI','20156','TOTAL BODY');
INSERT INTO GIORNI VALUES  ('MARTEDI','20138','TOTAL BODY');
INSERT INTO GIORNI VALUES  ('GIOVEDI','20138','TOTAL BODY');
INSERT INTO GIORNI VALUES  ('MARTEDI','70100','TOTAL BODY');
INSERT INTO GIORNI VALUES  ('GIOVEDI','70100','TOTAL BODY');
INSERT INTO GIORNI VALUES  ('MARTEDI','10121','TOTAL BODY');
INSERT INTO GIORNI VALUES  ('GIOVEDI','10121','TOTAL BODY');
INSERT INTO GIORNI VALUES  ('MARTEDI','80010','TOTAL BODY');
INSERT INTO GIORNI VALUES  ('GIOVEDI','80010','TOTAL BODY');
INSERT INTO GIORNI VALUES  ('MARTEDI','00010','TOTAL BODY');
INSERT INTO GIORNI VALUES  ('GIOVEDI','00010','TOTAL BODY');
INSERT INTO GIORNI VALUES  ('MARTEDI','81010','TOTAL BODY');
INSERT INTO GIORNI VALUES  ('GIOVEDI','81010','TOTAL BODY');
INSERT INTO GIORNI VALUES  ('LUNEDI','80144','CROSSFIT');
INSERT INTO GIORNI VALUES  ('GIOVEDI','80144','CROSSFIT');
INSERT INTO GIORNI VALUES  ('LUNEDI','80053','CROSSFIT');
INSERT INTO GIORNI VALUES  ('GIOVEDI','80053','CROSSFIT');
INSERT INTO GIORNI VALUES  ('LUNEDI','20156','CROSSFIT');
INSERT INTO GIORNI VALUES  ('GIOVEDI','20156','CROSSFIT');
INSERT INTO GIORNI VALUES  ('LUNEDI','20138','CROSSFIT');
INSERT INTO GIORNI VALUES  ('GIOVEDI','20138','CROSSFIT');
INSERT INTO GIORNI VALUES  ('LUNEDI','70100','CROSSFIT');
INSERT INTO GIORNI VALUES  ('GIOVEDI','70100','CROSSFIT');
INSERT INTO GIORNI VALUES  ('LUNEDI','10121','CROSSFIT');
INSERT INTO GIORNI VALUES  ('GIOVEDI','10121','CROSSFIT');
INSERT INTO GIORNI VALUES  ('LUNEDI','80010','CROSSFIT');
INSERT INTO GIORNI VALUES  ('GIOVEDI','80010','CROSSFIT');
INSERT INTO GIORNI VALUES  ('LUNEDI','00010','CROSSFIT');
INSERT INTO GIORNI VALUES  ('GIOVEDI','00010','CROSSFIT');
INSERT INTO GIORNI VALUES  ('LUNEDI','81010','CROSSFIT');
INSERT INTO GIORNI VALUES  ('GIOVEDI','81010','CROSSFIT');